id,year,make,model,trim1,trim2
0004d4463b50,2014.0,Acura,TL,TL,w/SE
00087a6bd4dc,2014.0,Acura,RLX,RLX,w/Tech
000aa097d423,2012.0,Mazda,MAZDA6,MAZDA6,i Sport
000f19f6e7d4,2016.0,Chevrolet,Camaro,Camaro,SS
00144e887ae9,2015.0,Acura,TLX,TLX,SH-AWD V6 w/Advance Pkg
001a04be361e,2014.0,BMW,3 Series,3 Series,320i
002a1d2005bb,2014.0,BMW,X1,X1,xDrive28i
002b362dee46,2014.0,Chevrolet,Volt,Volt,Premium
00322b309335,2013.0,BMW,1 Series,1 Series,128i w/ Premium Pkg
004b030cf28f,2013.0,Honda,Civic,Civic,LX
006c1e464047,2014.0,Buick,Verano,Verano,Leather Group
0072f74f24ca,2013.0,Kia,Optima,Optima,LX
0075b9ff9bca,2013.0,Mazda,CX-9,CX-9,Sport
00784b3ef435,2013.0,Kia,Sorento,Sorento,SX
007da964b668,2014.0,Toyota,Highlander,Highlander,Limited
008d02b91746,2015.0,Mazda,CX-9,CX-9,Touring
0091c5ec5d3d,2014.0,Toyota,Camry,Camry,SE
0092275fcc63,2013.0,Hyundai,Sonata,Sonata,Limited
009c97ec3729,2014.0,Nissan,Sentra,Sentra,S
00ad56bf7ee6,2013.0,Acura,ILX,ILX,2.0L w/Tech Pkg
00afb946a54c,2016.0,Nissan,Rogue,Rogue,S
00b6aee52419,2013.0,Kia,Sorento,Sorento,EX
00c07d49f4c5,2014.0,Toyota,Corolla,Corolla,L
00d3de919651,2014.0,Chevrolet,Volt,Volt,Premium
00ea6d495e8f,2013.0,FIAT,500e,500e,Base
00ea92389675,2012.0,Hyundai,Tucson,Tucson,GLS
00f145d0d769,2012.0,Mazda,MAZDA6,MAZDA6,i Sport
00fb5d5806c7,2013.0,Chrysler,300,300,S
011330127438,2013.0,Nissan,LEAF,LEAF,S
014548a9586a,2016.0,Kia,Sedona,Sedona,LX
014baba60b16,2013.0,INFINITI,JX35,JX35,Base W/ Premium Pkg
014ed535be38,2015.0,Chrysler,200,200,Limited
01540106ee74,2013.0,Honda,Accord,Accord,EX
015d98226195,2013.0,Toyota,Tacoma,Tacoma,PreRunner
0179cf3ecd9f,2014.0,Chevrolet,Volt,Volt,Base
018f26e4d1aa,2014.0,Ford,Escape,Escape,SE
018f8ea7b4fa,2014.0,Chevrolet,Volt,Volt,Premium
019bbd45b0ac,2013.0,Volkswagen,Jetta,Jetta,SE PZEV
01aaf972cc52,2015.0,Nissan,Altima,Altima,2.5 SL
01c4dca94aeb,2013.0,Honda,CR-V,CR-V,LX
01d0c99fb9f4,2013.0,Chevrolet,Volt,Volt,Premium
01d27b68b874,2015.0,Chevrolet,Trax,Trax,LT
01d8e294f6ad,2012.0,Chevrolet,Equinox,Equinox,LS
01e1607c8bc1,2015.0,Hyundai,Accent,Accent,GLS
01e399a960a2,2015.0,Toyota,RAV4,RAV4,XLE
01e3ec4fcef2,2014.0,Ford,Focus,Focus,SE
01e78e4bb8be,2013.0,Kia,Soul,Soul,Base
0200a09f1566,2014.0,FIAT,500e,500e,Base
0209e280ff6b,2014.0,Volkswagen,Passat,Passat,Wolfsburg Edition PZEV
020d1dd32756,2014.0,Honda,Accord,Accord,Sport
02159e548029,2009.0,Nissan,cube,cube,1.8 S
0217e1bd45b9,2014.0,Dodge,Grand Caravan,Grand Caravan,R/T
021cc8a57675,2015.0,Jeep,Wrangler Unlimited,Wrangler Unlimited,Sport
0228655b8787,2014.0,Chevrolet,Camaro,Camaro,LT
02294cca8e44,2013.0,Buick,Enclave,Enclave,Leather
0229ea18bb1a,2014.0,Toyota,4Runner,4Runner,Limited
022db16b5dea,2013.0,Hyundai,Veloster,Veloster,Base
0231a203dc2b,2016.0,Toyota,Tacoma,Tacoma,SR5 V6
023ea7e5383e,2014.0,Nissan,Altima,Altima,2.5 SV
02421a92ddb8,2015.0,Chevrolet,Suburban,Suburban,LT 1500 w/Towing Pkg
0257715df161,2014.0,Cadillac,XTS,XTS,Premium Collection
0267b800546e,2013.0,Honda,Accord,Accord,LX
028e12c2111b,2015.0,Ford,Fusion,Fusion,SE
02a3b3629b0a,2013.0,Ford,Taurus,Taurus,SEL
02ab96daffd0,2013.0,FIAT,500,500,Pop
02b32471ed11,2014.0,Honda,Civic,Civic,Hybrid
02b33b412bde,2014.0,Toyota,Sienna,Sienna,LE 8-Passenger
02bb4cc3f443,2013.0,Toyota,Corolla,Corolla,LE
02bbfca488bd,2014.0,Honda,CR-V,CR-V,EX
02c3d72a5c57,2015.0,Dodge,Challenger,Challenger,SXT
02caf48a06fd,2013.0,Ford,Fusion,Fusion,SE
02d1713b3980,2015.0,Toyota,Sienna,Sienna,LE 8-Passenger
02fa9128f570,2014.0,GMC,Sierra 1500,Sierra 1500,SLE
02fac500a5cf,2014.0,Toyota,RAV4,RAV4,XLE
0311223b9244,2013.0,Acura,ILX,ILX,2.0L
031baf433aa4,2013.0,Lincoln,MKZ,MKZ,Base
0321fac2ffb9,2013.0,Lexus,ES 300h,ES 300h,Base
0330073c45da,2015.0,Jeep,Compass,Compass,Sport
033d891ba919,2016.0,Chevrolet,Malibu Limited,Malibu Limited,LS
034595b04d5c,2015.0,Chevrolet,Traverse,Traverse,LT
0347c540822e,2014.0,Dodge,Journey,Journey,SXT
0347eb8f1361,2013.0,Ford,Edge,Edge,SEL
034a1d518bc4,2014.0,Cadillac,SRX,SRX,Base
034f026c8e73,2013.0,Jaguar,XF,XF,3.0 W/ Cold Weather Pkg
035095865f7c,2012.0,INFINITI,FX35,FX35,Base
0356db4567a0,2015.0,Toyota,Yaris,Yaris,5-Door L
0365a84b16e0,2013.0,Toyota,Prius Plug-in Hybrid,Prius Plug-in Hybrid,Base
036de0766a30,2015.0,Toyota,RAV4,RAV4,Limited
03708147770e,2014.0,Chevrolet,Volt,Volt,Premium
037bd09a4b49,2012.0,Cadillac,SRX,SRX,Base
037ee0a8f566,2013.0,Jeep,Grand Cherokee,Grand Cherokee,Overland
03836d595666,2015.0,Chevrolet,Corvette,Corvette,Stingray
038d9c3c973a,2016.0,Nissan,Frontier,Frontier,SV
0391b6df64c3,2014.0,Mazda,CX-9,CX-9,Grand Touring
0395b45034fc,2013.0,Cadillac,CTS,CTS,3.0L Luxury
03980637dc0f,2014.0,Buick,Verano,Verano,Base
039aae672564,2014.0,Honda,Civic,Civic,EX
03a80eb7d8b3,2013.0,BMW,5 Series,5 Series,535i xDrive
03a857ce842d,2014.0,Chevrolet,Captiva Sport,Captiva Sport,LT
03bcf4f0cd1a,2013.0,Cadillac,SRX,SRX,Performance Collection
03c25511587d,2014.0,Nissan,Armada,Armada,Platinum
03c4a3163fe7,2015.0,Buick,Encore,Encore,Convenience
03d8d91709a4,2013.0,Hyundai,Santa Fe Sport,Santa Fe Sport,2.0T
040260add8e2,2014.0,Nissan,Frontier,Frontier,Desert Runner
041ac15032b7,2013.0,Smart,fortwo,fortwo,passion
042090a0a696,2014.0,Toyota,Corolla,Corolla,L
04380a9b93dc,2013.0,Acura,ILX,ILX,2.4L w/Premium
0458898c5e45,2015.0,Infiniti,QX60,QX60,Base
046ebf665b81,2012.0,Mercedes-Benz,C-Class,C-Class,C300 Luxury 4MATIC
0471204b1971,2014.0,Mitsubishi,Lancer,Lancer,ES
047de80441e5,2014.0,Chevrolet,Cruze,Cruze,LS Auto
047df42a3f14,2014.0,Nissan,Versa Note,Versa Note,SV
0489d3f9b1e1,2013.0,Acura,TSX,TSX,Base
048d4eba0a15,2015.0,Nissan,JUKE,JUKE,S
0493f0ce4a01,2014.0,MINI,Countryman,Countryman,Cooper S w/ Sport Pkg
0495dcf27283,2015.0,Jaguar,F-TYPE,F-TYPE,Base
04a1497734b3,2014.0,Mitsubishi,Outlander Sport,Outlander Sport,ES
04adcad1b0ba,2012.0,Toyota,Camry,Camry,SE
04bd87f8f379,2014.0,Subaru,Forester,Forester,2.5i
04bd942b463b,2009.0,Cadillac,CTS-V,CTS-V,Base
04cd9509f08c,2014.0,Chevrolet,Equinox,Equinox,LT
04d469125e04,2010.0,Toyota,Prius,Prius,II
04de56a06fc3,2013.0,Chevrolet,Cruze,Cruze,LS Auto
04e6038105f3,2014.0,Nissan,Versa,Versa,1.6 S
04e9a1639246,2014.0,Chrysler,Town and Country,Town and Country,Touring
04ee951fa03f,2014.0,Smart,fortwo,fortwo,pure
04f196955fa8,2012.0,Chevrolet,Silverado 1500,Silverado 1500,LT
050098d4a8a8,2014.0,Toyota,Camry,Camry,XLE
0521bbb102e3,2012.0,Honda,Civic,Civic,EX
052d90089246,2015.0,Ford,Escape,Escape,Titanium w/Technology Pkg
0549c5ec6e16,2013.0,Cadillac,ATS,ATS,2.0T
055d0d044e4d,2015.0,Jeep,Compass,Compass,Sport
056376bb4767,2014.0,Subaru,Impreza,Impreza,2.0i Sport Premium
056e8a53e379,2014.0,Buick,Regal,Regal,Premium II
05753314241b,2014.0,Honda,Accord,Accord,LX
057717e667f8,2014.0,Audi,A4,A4,2.0T quattro Premium W/ Cold Weather Pkg
0579c33948b8,2013.0,Ford,Escape,Escape,Titanium
0596c7ebfda2,2015.0,Kia,Rio,Rio,LX
05a238523bf0,2014.0,Buick,Encore,Encore,Convenience
05a91b014fb8,2014.0,Nissan,Murano,Murano,SL
05aad5f1ce32,2014.0,Ford,C-MAX Energi,C-MAX Energi,SEL
05b554398229,2013.0,Chevrolet,Malibu,Malibu,Eco
05b9facbe852,2012.0,Audi,A4,A4,2.0T Premium
05c1d87110fe,2014.0,Acura,TSX,TSX,Base
05d9e5e00751,2014.0,Dodge,Journey,Journey,SXT
05dcdb23d837,2013.0,Kia,Optima,Optima,LX
05e09970b4a6,2016.0,Chevrolet,Impala,Impala,LTZ
05e986ef23df,2015.0,Toyota,Prius,Prius,Two
05ee36fa6027,2015.0,Toyota,Camry,Camry,SE
06061f57ba3a,2014.0,Honda,CR-V,CR-V,EX
060b58878e74,2013.0,Volkswagen,Jetta,Jetta,Base
060e5b9220aa,2014.0,Mercedes-Benz,SLK,SLK,SLK 350 w/ Premium Pkg
061053933410,2014.0,Mazda,Mazda6,Mazda6,i Touring
0625ffc3efdf,2015.0,Honda,Accord,Accord,EX-L
062726cc4268,2013.0,BMW,3 Series,3 Series,328i
062ef77394f3,2013.0,Honda,Accord,Accord,LX
063fff292433,2013.0,GMC,Acadia,Acadia,SLE-2
06486e5079a5,2013.0,Smart,fortwo,fortwo,pure
064abd1b6a6b,2013.0,Honda,Accord,Accord,EX-L
064fec0416b8,2013.0,Lexus,GX 460,GX 460,Base
065093948b19,2014.0,Toyota,Corolla,Corolla,LE Eco
0653d239bd8f,2015.0,Nissan,Versa Note,Versa Note,SV
0654525bda1f,2014.0,Kia,Soul,Soul,+
0657ea4b7bb5,2016.0,Jeep,Renegade,Renegade,Limited
066403d275f9,2013.0,Cadillac,CTS,CTS,3.0L Luxury
066aa3c1ae8b,2014.0,Kia,Soul,,
066ab6db1f07,2013.0,Honda,Civic,Civic,LX
066c4c571496,2014.0,Nissan,Murano,Murano,SV
06803cf93d06,2016.0,MINI,Hardtop,Hardtop,Cooper
068cb69017b3,2014.0,Ford,F-150,F-150,XLT
069ee4b8b325,2014.0,Honda,CR-V,CR-V,EX-L
06ba958fe164,2013.0,Chevrolet,Malibu,Malibu,LT
06baeddcae63,2013.0,Chevrolet,Cruze,Cruze,LS Auto
06c902ba4a55,2014.0,Nissan,Maxima,Maxima,3.5 S
06c9ba5afc31,2014.0,Toyota,Prius,Prius,Two
06cb625e32b9,2012.0,Honda,Civic,Civic,LX
06d98aee602f,2013.0,Jeep,Grand Cherokee,Grand Cherokee,Overland
06f657f2164f,2010.0,Kia,Soul,Soul,Sport
06f838789041,2016.0,Nissan,Pathfinder,Pathfinder,SL
06f9fc4906bd,2014.0,Honda,Civic,Civic,EX
06fc288d444e,2015.0,Kia,Soul,Soul,+
0701b1cb0de4,2014.0,Toyota,Camry Hybrid,Camry Hybrid,XLE
071ef54223ff,2014.0,Cadillac,ATS,ATS,2.0T
072bfd926afb,2015.0,Volkswagen,Passat,Passat,Wolfsburg Edition
072de3cd7808,2014.0,Chevrolet,Volt,Volt,Premium
0736df5f73cc,2013.0,Honda,Accord,Accord,LX-S
074558ebf6b1,2014.0,Kia,Sorento,Sorento,LX
0765a2be8b5c,2015.0,Toyota,Sienna,Sienna,LE 8-Passenger
076c4d58c1e4,2015.0,Jeep,Compass,Compass,Sport
077aff626189,2013.0,Toyota,Venza,Venza,XLE
0789bed99cb8,2014.0,Mazda,Mazda3,Mazda3,s Grand Touring
0795e132d090,2011.0,Ford,Ranger,Ranger,XL
079d03064e77,2016.0,Jeep,Compass,Compass,Sport
079d98645cc9,2012.0,Hyundai,Sonata,Sonata,GLS
07bcb1717ce1,2016.0,Kia,Soul,Soul,+
07c0c18e6680,2013.0,Kia,Soul,Soul,Base
07c141a0007f,2013.0,Chevrolet,Volt,Volt,Base
07c87454317a,2015.0,Lexus,RX 350,RX 350,Base
080034f70da6,2014.0,Toyota,Prius,Prius,Two
0809482ad153,2016.0,Dodge,Durango,Durango,Limited
0824c9b6775e,2012.0,Land Rover,LR4,LR4,Base
0826d1082d40,2014.0,Buick,Regal,Regal,Premium I
08280cb38ea0,2014.0,Chevrolet,Cruze,Cruze,LS Auto
0853fff13439,2014.0,Jeep,Cherokee,Cherokee,Limited
0864419d052a,2013.0,Honda,Civic,Civic,LX
086c19767adf,2014.0,Nissan,Altima,Altima,2.5 S
08763cb31b96,2014.0,Chevrolet,Cruze,Cruze,ECO Auto
088157fe8ed8,2013.0,Chevrolet,Volt,Volt,Base
0884eb864694,2011.0,Hyundai,Genesis,Genesis,4.6L V8
088b223b4f6a,2014.0,Volkswagen,Jetta,Jetta,S
088e8d4a55ae,2015.0,Chevrolet,Cruze,Cruze,2LT Auto
0890a5828013,2014.0,Chevrolet,Impala Limited,Impala Limited,LT
08a646be6b30,2009.0,MINI,Cooper,Cooper,Base
08b7e5bb7138,2014.0,Kia,Optima,Optima,LX
08c86e873e1b,2014.0,Nissan,Maxima,Maxima,3.5 S
08d23e22218b,2015.0,Volkswagen,Jetta,Jetta,SE PZEV
08d6f444152c,2014.0,Mercedes-Benz,C-Class,C-Class,C300 Sport 4MATIC W/ Premium Pkg 1
08de51b2c4d4,2015.0,Dodge,Challenger,Challenger,R/T
08df10562b5d,2015.0,Jeep,Patriot,Patriot,Altitude Edition
08f413995312,2014.0,Toyota,Venza,Venza,LE
08f722b7440a,2014.0,Kia,Optima Hybrid,Optima Hybrid,EX
08ff127bfd73,2016.0,Ford,Fiesta,Fiesta,SE
0906f0972a33,2013.0,Nissan,Murano,Murano,LE
091713e7eb88,2015.0,Ford,Fusion,Fusion,SE
092d3e96b6f5,2014.0,BMW,3 Series,3 Series,320i xDrive
092ff8f0afb8,2014.0,Volkswagen,Jetta,Jetta,SE PZEV
0934fb1e82ac,2015.0,Toyota,Corolla,Corolla,LE
094b252c77dd,2014.0,Toyota,Camry Hybrid,Camry Hybrid,LE
09540758dcd8,2015.0,Chevrolet,Sonic,Sonic,LT Auto
0956c73a60a3,2013.0,MINI,Hardtop,Hardtop,Cooper
095cdcdfc340,2012.0,Dodge,Journey,Journey,SXT
09667673f1f2,2016.0,Volkswagen,Passat,Passat,1.8T S PZEV
09708ecafe5a,2014.0,Chevrolet,Malibu,Malibu,LT
09861b394f91,2014.0,Chevrolet,Malibu,Malibu,LS
0995e718305c,2015.0,Dodge,Charger,Charger,R/T
099ad62bfce7,2014.0,Ford,F-150,F-150,FX4
09ac3951fe5b,2015.0,Honda,Fit,Fit,LX
09aed20baef7,2015.0,Toyota,Prius,Prius,Two
09bcb4fa6ca4,2015.0,Dodge,Durango,Durango,R/T
09c07f1615b4,2014.0,Lexus,CT 200h,CT 200h,Base
09dca25c3340,2014.0,Ford,Escape,Escape,Titanium
09edc4d0f6b0,2016.0,Chevrolet,Sonic,Sonic,LT Auto
0a0e3fb8f782,2014.0,GMC,Terrain,Terrain,SLT-2
0a2637c772c5,2013.0,Honda,Civic,Civic,LX
0a2bbd5330a2,2016.0,Kia,Forte,Forte,LX
0a382e5373db,2014.0,Chevrolet,Sonic,Sonic,LT Auto
0a39129c9f62,2015.0,Ford,Fiesta,Fiesta,Titanium
0a392275c87d,2013.0,Nissan,Rogue,Rogue,SV
0a63454298b8,2014.0,Toyota,Prius c,Prius c,Two
0a6636643495,2013.0,Infiniti,FX37,FX37,Base Premium Pkg
0a732faadfe8,2013.0,Chevrolet,Equinox,Equinox,LS
0a84dac5df69,2013.0,Smart,fortwo,fortwo,pure
0a92461d365d,2015.0,Chevrolet,Tahoe,Tahoe,LTZ
0a943856ea46,2014.0,Kia,Forte,Forte,EX
0aa52c458e8a,2015.0,Dodge,Dart,Dart,SXT
0aa83daa6f78,2013.0,BMW,X5,X5,xDrive35i Premium
0ab2e2edfa32,2015.0,Ford,Flex,Flex,SEL
0ab40a2fd4fc,2013.0,Toyota,Prius,Prius,Two
0acfffdf94d1,2016.0,Ford,Focus,Focus,RS
0ad66cb03617,2013.0,Nissan,Rogue,Rogue,SV
0adb31665745,2014.0,Acura,RDX,RDX,Base
0add11a25ebb,2013.0,Ford,Fusion,Fusion,SE
0afd3707d6ce,2014.0,Toyota,Avalon,Avalon,XLE
0b033553a58a,2013.0,Buick,Verano,Verano,Base
0b0724a78f90,2014.0,Mercedes-Benz,C-Class,C-Class,C 300 Luxury 4MATIC
0b352a7001b1,2014.0,Smart,fortwo,fortwo,pure
0b42a5d3dfa0,2014.0,Ford,Explorer,Explorer,XLT
0b42c8d2842c,2013.0,Chevrolet,Malibu,Malibu,LS
0b46410ba9b2,2013.0,Buick,Encore,Encore,Base
0b6c1ec65b57,2014.0,Mercedes-Benz,M-Class,M-Class,ML 350 4MATIC w/Premium Pkg 1
0b73517ef85b,2015.0,Dodge,Journey,Journey,SXT
0b8d3844583f,2015.0,Lincoln,MKX,MKX,Base
0b9d03ec6720,2012.0,Toyota,Prius Plug-in Hybrid,Prius Plug-in Hybrid,Base
0baa53d612d9,2015.0,Chrysler,200,200,Limited
0baa6b9543dc,2013.0,Honda,CR-V,CR-V,LX
0bb87dac6ad9,2013.0,Ford,Escape,Escape,SE
0bd04c75ec17,2012.0,FIAT,500c,500c,Pop
0bd2d5c4755e,2014.0,FIAT,500L,500L,Easy
0bdb8b1cba05,2016.0,Toyota,Tacoma,Tacoma,TRD Sport
0bdd2e625f8a,2015.0,Chevrolet,Sonic,Sonic,LT Auto
0bdfb9967be2,2015.0,Honda,Fit,Fit,EX
0be425f3f46a,2015.0,Buick,Encore,Encore,Base
0be7717e4b2a,2013.0,Toyota,Prius v,Prius v,Three
0bf768bbffae,2014.0,Mercedes-Benz,CLA,CLA,CLA250
0c1bc2f3012d,2013.0,Honda,Civic,Civic,EX
0c3481991be4,2015.0,Honda,Fit,Fit,EX
0c4659adc7e4,2014.0,Toyota,Corolla,Corolla,LE
0c56c040a690,2016.0,Dodge,Charger,Charger,R/T
0c73bef70ead,2013.0,Audi,Allroad,Allroad,2.0T quattro Premium
0c74f69414ef,2014.0,Jeep,Patriot,Patriot,Sport
0c833722fc9d,2013.0,Mercedes-Benz,C-Class,C-Class,C300 Sport 4MATIC W/ Premium Pkg 1
0c8f105618d4,2013.0,Nissan,Altima,Altima,2.5 SV
0c9265af0ddf,2013.0,Chevrolet,Tahoe,Tahoe,LT
0c992d7d6742,2013.0,Lexus,CT 200h,CT 200h,Base
0c9a9ab8fbd2,2013.0,Volkswagen,Passat,Passat,SE PZEV
0ca342108368,2015.0,Mercedes-Benz,GLA,GLA,GLA 250 4MATIC
0cce02afe3a5,2012.0,Mazda,Mazda3,Mazda3,i Touring
0cd58c993763,2015.0,Chevrolet,Spark,Spark,1LT CVT
0cd9dc1a1681,2016.0,Hyundai,Accent,Accent,SE
0cdf5b5d0ce1,2014.0,Audi,A4,A4,2.0T quattro Premium Plus
0cdfe597590f,2013.0,Mazda,MAZDA3,MAZDA3,i Grand Touring
0ce36c1e1d16,2014.0,Chevrolet,Silverado 2500HD,Silverado 2500HD,LT
0ce66b539f52,2016.0,Hyundai,Sonata Hybrid,Sonata Hybrid,SE
0cf8dfddfe3c,2014.0,Honda,Accord,Accord,EX-L
0d04a7b8c4bf,2015.0,Nissan,Versa Note,Versa Note,S Plus
0d05408f6888,2014.0,Buick,Verano,Verano,Base
0d0be8f77fa8,2014.0,GMC,Terrain,Terrain,SLT-1
0d1a9caf4350,2016.0,MINI,Countryman,Countryman,Cooper S
0d24b7bea210,2012.0,Dodge,Challenger,Challenger,R/T
0d3203a9a5a1,2015.0,Nissan,Versa Note,Versa Note,SR
0d3adbbc9a8b,2011.0,Honda,Accord Crosstour,Accord Crosstour,EX-L
0d4668ed98d1,2013.0,Cadillac,ATS,ATS,2.0T Luxury
0d4b67f458bb,2014.0,Ford,Explorer,Explorer,Sport
0d53224da2b7,2013.0,Dodge,Challenger,Challenger,R/T
0d549ae73675,2015.0,Hyundai,Santa Fe Sport,Santa Fe Sport,2.4L
0d6004179186,2015.0,Ford,Focus,Focus,SE
0d6817a96229,2013.0,Honda,CR-V,CR-V,LX
0d83878a36d6,2014.0,Volkswagen,Jetta,Jetta,GLI Autobahn
0d851b7c73f4,2013.0,Chevrolet,Equinox,Equinox,LT 4dr SUV w/ 1LT
0d97ffd34927,2015.0,Kia,Forte,Forte,LX
0d9d1a5c7e0c,2014.0,Honda,Civic,Civic,EX
0d9ed6bc4c7b,2014.0,Toyota,Prius,Prius,Two
0dc831fb95b1,2012.0,BMW,1 Series,1 Series,135i
0dcc050de087,2015.0,Dodge,Journey,Journey,SXT
0dcdcfdaf0d3,2014.0,Kia,Soul,Soul,+
0dd757bc8ffd,2014.0,Honda,Accord Plug-In,Accord Plug-In,Base
0dd7f86798d6,2015.0,Volkswagen,Jetta,Jetta,SE PZEV
0dd88af22580,2014.0,Chrysler,300,300,S
0ddb74eaf9c9,2014.0,Hyundai,Accent,Accent,GS
0dddbf011c77,2014.0,GMC,Acadia,Acadia,SLE-2
0de66245f268,2016.0,Hyundai,Azera,Azera,Base
0de9dc882416,2015.0,Chrysler,200,200,S
0df597c7cc03,2015.0,Buick,LaCrosse,LaCrosse,Leather
0df87409afc9,2014.0,Lincoln,MKZ Hybrid,MKZ Hybrid,Base
0dfde35f5c87,2016.0,Cadillac,CTS,CTS,2.0T
0e0571dc40fd,2013.0,INFINITI,M35h,M35h,Base w/Premium Pkg
0e0e539cc58a,2013.0,Ford,Explorer,Explorer,Base
0e12875c2874,2013.0,Chevrolet,Malibu,Malibu,Eco
0e1a091d1b8a,2013.0,BMW,Z4,Z4,sDrive35i
0e1ae9734c07,2014.0,Hyundai,Sonata,Sonata,Limited 2.0T
0e2a790fac9c,2013.0,Honda,Accord,Accord,LX
0e5089c663d2,2014.0,Volkswagen,Tiguan,Tiguan,SEL 4Motion
0e53d61f576f,2013.0,GMC,Terrain,Terrain,SLE-2
0e5c7b1b2021,2013.0,BMW,5 Series,5 Series,550i xDrive W/ M Sport Pkg
0e6a7d824cb1,2015.0,Lexus,RX 350,RX 350,Base
0e71c11be4c6,2014.0,Ford,Focus,Focus,SE
0e749ac77fe1,2015.0,Ford,Fusion,Fusion,SE
0e7f1a182855,2015.0,Ford,Fiesta,Fiesta,SE
0e80f05bc010,2013.0,Honda,Accord,Accord,EX-L V6
0e8c287fa402,2014.0,Chevrolet,Equinox,Equinox,LT
0e96fcdaadd5,2012.0,Chevrolet,Equinox,Equinox,LS
0eabbbd98f87,2015.0,Chevrolet,Spark,Spark,LS CVT
0eb3bb86986c,2015.0,GMC,Terrain,Terrain,SLE-1
0eb7439f8858,2013.0,Chevrolet,Cruze,Cruze,1LT Auto
0ecbf336659e,2014.0,Nissan,Versa Note,Versa Note,SV
0ed6904e1004,2012.0,Ford,F-250 Super Duty,F-250 Super Duty,Lariat
0eda87c55001,2014.0,Toyota,Corolla,Corolla,LE
0ee135a3cccc,2014.0,INFINITI,Q50,Q50,Premium
0ee917a53e41,2014.0,Kia,Cadenza,Cadenza,Limited
0eeaf1ff136d,2014.0,BMW,5 Series,5 Series,528i
0eefeb9207cc,2016.0,Nissan,Frontier,Frontier,SV
0ef2756331a5,2014.0,Hyundai,Accent,Accent,GS
0ef8431fd26e,2013.0,Hyundai,Sonata,Sonata,SE 2.0T
0efbfc30dc81,2014.0,Buick,Encore,Encore,Base
0f0455900d85,2013.0,Kia,Optima,Optima,EX
0f1d1af96b62,2013.0,Toyota,RAV4,RAV4,XLE
0f25cbfdcb93,2013.0,Mazda,Mazda3,Mazda3,i Sport
0f3ad52f7b29,2014.0,GMC,Sierra 1500,Sierra 1500,SLE
0f3be372397a,2013.0,Honda,Accord,Accord,LX
0f3e6ca0af86,2014.0,Subaru,Forester,Forester,2.5i Premium
0f4d24f60610,2014.0,Chevrolet,Camaro,Camaro,LT
0f55f60c98dc,2013.0,Toyota,Camry,Camry,SE
0f56849057a6,2015.0,Volkswagen,Passat,Passat,SE
0f592813cf02,2014.0,BMW,X1,X1,xDrive28i
0f84ea8711da,2013.0,BMW,X1,X1,xDrive28i
0f95a8efd406,2014.0,Jeep,Wrangler Unlimited,Wrangler Unlimited,Sahara
0fa006af671b,2016.0,Nissan,Sentra,Sentra,S
0fccffe97e60,2015.0,Toyota,Sienna,Sienna,LE 7-Passenger
0fcebc9fa59f,2015.0,Nissan,Versa,Versa,1.6 SV
0fd10d68f430,2013.0,Kia,Soul,Soul,+
0fdc5c554bfa,2016.0,Honda,HR-V,HR-V,LX
0feb26c8ed8b,2012.0,Jeep,Grand Cherokee,Grand Cherokee,Laredo
0fef23be11b4,2016.0,Nissan,Altima,Altima,3.5 SL
1008c355abcc,2012.0,Honda,Crosstour,Crosstour,EX-L V6
1026a0251afb,2014.0,FIAT,500L,500L,Lounge
1039c802abd0,2014.0,Nissan,Altima,Altima,2.5 S
10438223cb80,2013.0,GMC,Acadia,Acadia,Denali
1086ea20632d,2014.0,Dodge,Challenger,Challenger,SXT
1097e14ed1fa,2013.0,Honda,Odyssey,Odyssey,EX-L
10988604ee60,2014.0,Dodge,Durango,Durango,R/T
10a3dbb9d8b4,2014.0,Honda,CR-V,CR-V,EX
10aad962d454,2011.0,Chevrolet,Equinox,Equinox,LT
10b4f3dd65b4,2014.0,Honda,Civic,Civic,EX
10bf107dc524,2013.0,Acura,TL,TL,Base
10d2b8d7bcb1,2014.0,Honda,Civic,Civic,LX
10df5c0980c4,2014.0,Nissan,Versa Note,Versa Note,S Plus
10e03166b5dc,2014.0,Ford,Flex,Flex,SEL
10ebc4afecc8,2013.0,Nissan,Altima,Altima,2.5 SL
10f03351804a,2014.0,Honda,Accord,Accord,LX-S
110b0bf6aa7b,2015.0,Chevrolet,Impala,Impala,LS
1114eaff3743,2014.0,Ford,Taurus,Taurus,SEL
1122f8571392,2011.0,Kia,Sorento,Sorento,EX
1138ff9be217,2014.0,Nissan,Maxima,Maxima,3.5 S
114185b60312,2013.0,Smart,fortwo,fortwo,pure
114bf4158e2a,2014.0,Nissan,Maxima,Maxima,3.5 S
1151413b3ed8,2013.0,Toyota,Prius v,Prius v,Three
11607edbdf89,2013.0,GMC,Acadia,Acadia,Denali
117eb521a93b,2013.0,FIAT,500,500,Pop
117f500dc99e,2013.0,Chevrolet,Volt,Volt,Base
118b161d6d6c,2014.0,Buick,Verano,Verano,Leather Group
1191c7e4c7ba,2014.0,BMW,3 Series,3 Series,328i
119c46190a23,2015.0,Chevrolet,Cruze,Cruze,1LT Manual
119fb1ad45c9,2013.0,Nissan,Murano,Murano,SV
11acc40dc0ea,2010.0,Mazda,CX-7,CX-7,s Touring
11b21aa509c3,2016.0,Jeep,Renegade,Renegade,Latitude
11b4736cf88c,2013.0,Nissan,Murano,Murano,SV
11b620f31a99,2013.0,Infiniti,G37 Convertible,G37 Convertible,Base
11b86b6a9d16,2012.0,Hyundai,Sonata,Sonata,Limited 2.0T
11b8a4be73bf,2015.0,Chrysler,200,200,Limited
11c827383ffe,2014.0,Honda,Civic,Civic,LX
11cfdcb11149,2014.0,Kia,Sorento,Sorento,SX
11d3af09d111,2014.0,Chevrolet,Equinox,Equinox,LT
11e04231d7ce,2011.0,Jaguar,XF,XF,Premium
11e6781448d0,2014.0,Ford,Expedition,Expedition,Limited
11f256b60f80,2013.0,Toyota,Prius c,Prius c,One
11f3dc041cfb,2008.0,INFINITI,G35,G35,Base
11fcda0a9e1c,2009.0,Chevrolet,Cobalt,Cobalt,SS
11ff5e9bdb6f,2013.0,Nissan,LEAF,LEAF,S
120c1dc7b116,2014.0,Mercedes-Benz,CLA-Class,CLA-Class,CLA250
1211ffe2c659,2014.0,Chevrolet,Camaro,Camaro,SS
1258cf954183,2014.0,Kia,Forte,Forte,EX
125cadcb9feb,2015.0,Ford,Fusion,Fusion,SE
126d07c272ea,2016.0,BMW,2 Series,2 Series,228i
127ac0749d0a,2013.0,Honda,Civic,Civic,LX
128d03f6587f,2015.0,Buick,Verano,Verano,Leather Group
12aefcd0140f,2014.0,Lexus,IS 350,IS 350,Base w/F Sport Pkg
12b90288e715,2014.0,Honda,Accord,Accord,Sport
12c057c380bc,2012.0,Chrysler,Town and Country,Town and Country,Touring-L
12c08b35d4c5,2013.0,Kia,Optima,Optima,EX
12cee71ab024,2014.0,Mitsubishi,Outlander,Outlander,GT W/ Towing Pkg
12e64065167d,2012.0,Honda,Odyssey,Odyssey,EX-L
12f4da88f9f0,2013.0,Nissan,Altima,Altima,2.5 S
12f650d4fd0e,2016.0,Honda,CR-V,CR-V,EX
1311550a6be4,2015.0,Volkswagen,Jetta,Jetta,S
132210a6d54a,2015.0,Honda,Accord,Accord,Sport
132318bbd480,2013.0,Ford,Focus,Focus,SE
1325610bad44,2014.0,Mitsubishi,Outlander Sport,Outlander Sport,SE
132b4716063f,2015.0,Ford,Focus,Focus,SE
1330008b8273,2014.0,Hyundai,Sonata,Sonata,SE
133d3b403ce4,2014.0,Dodge,Charger,Charger,R/T
133f08da21f6,2015.0,Nissan,Versa Note,Versa Note,S Plus
134b31bb0653,2013.0,Hyundai,Elantra,Elantra,Limited w/Tech
1361bb1dad04,2016.0,Dodge,Challenger,Challenger,SXT
136ea649c75c,2015.0,Chevrolet,Camaro,Camaro,LT
136eb68c0cd8,2014.0,Kia,Soul,Soul,+ w/Primo Pkg
13737f50b251,2013.0,Infiniti,JX35,JX35,Base
1382e6821bd1,2014.0,Toyota,Corolla,Corolla,S Plus
13857e9947b2,2013.0,Infiniti,G37 Sedan,G37 Sedan,x
1385ea36d5ea,2013.0,Cadillac,ATS,ATS,2.5L
138d68853d7d,2015.0,Lexus,NX 300h,NX 300h,Base w/ Premium Pkg
1390696b70b6,2013.0,Ford,Expedition,Expedition,XLT
13987558f6b2,2012.0,Nissan,Murano,,
139991ea282c,2013.0,Hyundai,Veloster,Veloster,RE MIX
13a2e7939463,2013.0,Dodge,Dart,Dart,Limited
13b35010883d,2013.0,Cadillac,SRX,SRX,Performance Collection
13bdbde20924,2015.0,Chrysler,Town and Country,Town and Country,Touring
13c4cb00c1dd,2015.0,Ford,Focus,Focus,SE
13cad6eeabe8,2015.0,Jeep,Compass,Compass,Latitude
13cc0f623e3b,2013.0,Honda,Civic,Civic,LX
13d26db4c06f,2014.0,Toyota,Camry,,
13e793314d22,2014.0,Cadillac,ATS,ATS,2.0T
13f43e305bd3,2015.0,Chevrolet,Malibu,Malibu,LT
13f47815d404,2013.0,Hyundai,Elantra,Elantra,GLS
13f57463a31e,2013.0,Chrysler,200,200,Limited
13f7992cb83b,2014.0,Nissan,Quest,Quest,3.5 SV
1427c06c0200,2013.0,Toyota,Corolla,Corolla,S
1437290e32b3,2014.0,Ford,Fusion,Fusion,SE
143b76de1ce7,2013.0,Buick,Enclave,Enclave,Convenience
143e09bfda0d,2013.0,Hyundai,Sonata,Sonata,GLS
145156d86628,2012.0,Mercedes-Benz,C-Class,C-Class,C250 Luxury
145f11fe870e,2011.0,Nissan,Murano,Murano,SV
146199874eff,2014.0,Lincoln,MKZ,MKZ,Base
1467f72fa1aa,2012.0,Toyota,Camry,Camry,SE
14710333fa70,2014.0,Ford,Fusion,Fusion,SE
14757ee47cd7,2016.0,Jeep,Cherokee,Cherokee,Limited
147eae56c94a,2014.0,Audi,Q7,Q7,3.0T quattro Premium
147f98119554,2013.0,Honda,Civic,Civic,LX
1489074f20e8,2013.0,Ford,Edge,Edge,SEL
1497f90f554d,2013.0,Hyundai,Elantra,Elantra,GLS
14984755c0ff,2014.0,Ford,Focus,Focus,SE
14a1e6f58d8f,2013.0,Cadillac,CTS,CTS,3.0L Luxury
14a7ab669d82,2014.0,Ford,Mustang,,
14ba5fd62329,2013.0,BMW,X1,X1,xDrive28i W/ Premium Pkg
14beb3afecbe,2014.0,Kia,Soul,Soul,+
14bef3ef26bb,2014.0,GMC,Terrain,Terrain,SLE-2
14c1d94e4dc3,2014.0,Toyota,Corolla,Corolla,LE
14c446c8e9a3,2013.0,Honda,Accord,Accord,EX
14dcb81cd0be,2015.0,Chrysler,200,200,S
14e1daa968d6,2014.0,Toyota,Corolla,Corolla,LE Eco
14f76761ee0f,2015.0,Toyota,RAV4,RAV4,XLE
1506569c0be2,2014.0,Chevrolet,Traverse,Traverse,LT
151477c3f7da,2013.0,Honda,Civic,Civic,EX
151c7f2d4183,2012.0,Lexus,HS 250h,HS 250h,Base
1521f95b271a,2014.0,Toyota,Corolla,Corolla,LE
153643f3f91e,2013.0,FIAT,500,500,Pop
154ee2b6d27a,2016.0,Ford,Taurus,Taurus,Limited
15545694af37,2014.0,Honda,Odyssey,Odyssey,EX-L
1554b3b13f1f,2008.0,INFINITI,G35,G35,x
1556fb3462b8,2015.0,Honda,Fit,Fit,EX
155dde40fc52,2014.0,Toyota,Prius c,Prius c,Two
15742d29817b,2015.0,Kia,Sportage,Sportage,LX
1574db609e8a,2015.0,INFINITI,QX70,QX70,Sport
158d0e637b3e,2013.0,Lexus,CT 200h,CT 200h,F Sport pkg
159347bd6cd2,2013.0,Volkswagen,CC,CC,Sport PZEV
1595b5548793,2013.0,BMW,3 Series,3 Series,328i w/ Premium Pkg
15a6d2e07c65,2014.0,Mercedes-Benz,CLA,CLA,CLA 250
15a9160fa5ca,2012.0,Honda,Civic,Civic,LX
15a917ffa8fe,2014.0,Kia,Sorento,Sorento,LX
15bd88f232c7,2015.0,Ford,Fusion,Fusion,SE
15bfa1618ea1,2015.0,Chevrolet,Spark,Spark,1LT CVT
15c0484acc19,2015.0,Nissan,LEAF,LEAF,S
15c95dc323e0,2013.0,Chevrolet,Volt,Volt,Premium
15da39a0fa94,2013.0,Chevrolet,Malibu,Malibu,LS
15f71a66beb4,2015.0,Dodge,Charger,Charger,SE
163ac8a21bda,2014.0,FIAT,500L,500L,Easy
1661392c5d3b,2014.0,GMC,Acadia,Acadia,SLE-2
16626a1a57ea,2016.0,Hyundai,Elantra GT,Elantra GT,Base
1663b37d846d,2016.0,Buick,Enclave,Enclave,Leather
16665fc68056,2012.0,Mazda,Mazda3,Mazda3,i Touring
166b38b9e91a,2013.0,Kia,Optima Hybrid,Optima Hybrid,EX
166d0fffbf1f,2012.0,Honda,Accord,Accord,LX
166e8bec56c7,2015.0,Buick,Verano,Verano,Convenience Group
167b4ed9dc92,2015.0,Ford,Escape,Escape,Titanium
1680cbf5b574,2013.0,Honda,Civic,Civic,LX
16810108025d,2015.0,INFINITI,Q40,Q40,Base
169f5f6d8c9d,2016.0,Jeep,Grand Cherokee,Grand Cherokee,Limited
169f9ccbc605,2015.0,Ram,Pickup 1500,Pickup 1500,Tradesman
16abc22e2d83,2013.0,Toyota,Sienna,Sienna,Limited 7-Passenger
16aebef25652,2014.0,Chevrolet,Sonic,Sonic,LTZ Auto
16e19ec9e2ad,2014.0,Nissan,Versa,Versa,1.6 SL
16e8a5e36d36,2012.0,Honda,Odyssey,Odyssey,EX-L
16f0ec26d608,2012.0,Mitsubishi,i-MiEV,i-MiEV,ES
1704d999e55c,2015.0,Mercedes-Benz,CLA,CLA,CLA250 W/ Premium Pkg
170aba6b9a3e,2013.0,Honda,Fit,Fit,Base
170f22d28d13,2013.0,Lexus,LX 570,LX 570,Base
170f69caab7e,2013.0,Kia,Sorento,Sorento,LX
1710502fca63,2013.0,Kia,Sportage,Sportage,LX
17107138eeea,2014.0,BMW,X5,X5,xDrive35i
1722d4174f96,2014.0,Jeep,Compass,Compass,Sport
1727aa24a99b,2015.0,Audi,Q5,Q5,2.0T quattro Premium
172d69469ff2,2013.0,MINI,Coupe,Coupe,Cooper S w/Sport Pkg
17372ade0b23,2013.0,Nissan,LEAF,LEAF,SL
174727ad0e0e,2014.0,Mercedes-Benz,E-Class,E-Class,E 350 Sport
174de590731e,2013.0,Hyundai,Elantra Coupe,Elantra Coupe,GS
1750e09f4c2c,2015.0,Kia,Soul,Soul,+
175152ef137e,2013.0,GMC,Acadia,Acadia,SLE-2
1775557ef8f3,2012.0,Mercedes-Benz,CLS,CLS,CLS 63 AMG W/ Premium Pkg
177f1b2886d6,2014.0,Chevrolet,Impala,Impala,LT
1783abfffbbd,2012.0,Toyota,Camry,Camry,SE
179926e7dc7b,2012.0,FIAT,500,500,Sport
17a1f1ab0ac3,2014.0,Audi,A5,A5,2.0T quattro Premium
17b32d0b349a,2012.0,Honda,Accord,Accord,SE
17b98f59d64c,2013.0,Kia,Sorento,Sorento,SX
17c60ab394d4,2014.0,Cadillac,SRX,SRX,Performance Collection
17cfd16f2bab,2014.0,Dodge,Challenger,Challenger,SXT
17f186e2df69,2013.0,Ford,Fiesta,Fiesta,SE
17fe7cf11f5d,2015.0,Mazda,Mazda5,Mazda5,Sport
1810b28e2162,2015.0,Chrysler,300,300,Limited
181e00798bee,2013.0,Honda,Fit,Fit,Base
18216136d5eb,2014.0,Mazda,Mazda6,Mazda6,i Touring
1828528ace88,2015.0,Nissan,Altima,Altima,2.5 S
1838ff8a9194,2015.0,Hyundai,Elantra,Elantra,Sport
1847ac3affd2,2014.0,Mitsubishi,Outlander Sport,Outlander Sport,ES
1857a04770b4,2014.0,Cadillac,ATS,ATS,2.5L
18613d0927de,2014.0,Chevrolet,Cruze,Cruze,1LT Auto
186cfa04a2c9,2012.0,Nissan,Maxima,Maxima,3.5 SV
186fb0044708,2014.0,Chevrolet,Silverado 1500,Silverado 1500,LT
18711f3a05a4,2014.0,Toyota,Sienna,Sienna,LE 8-Passenger
187496bf787a,2014.0,Land Rover,LR2,LR2,HSE
187a1c10f9f4,2013.0,Honda,Civic,Civic,LX
188e40b7be86,2014.0,Chevrolet,Spark,Spark,1LT CVT
189a2a32a615,2016.0,Kia,Soul,Soul,+
18a3f3b83f73,2014.0,Ford,Expedition,Expedition,Limited
18b636f05b99,2015.0,Nissan,Versa,Versa,1.6 S
18b852b69918,2015.0,Chevrolet,Suburban,Suburban,LTZ 1500
18bf7cb8ebc2,2014.0,FIAT,500,500,Pop
18c9a9bd6f68,2013.0,Buick,Regal,Regal,Premium 1
18d0599e9e58,2014.0,Honda,Accord,Accord,EX
18de0704489e,2014.0,Toyota,Corolla,Corolla,LE
190c8617d71f,2014.0,Toyota,Prius c,Prius c,Two
19316f155aa5,2013.0,Hyundai,Elantra,Elantra,GLS
1936c8e0c95d,2016.0,Kia,Optima,Optima,LX
19413ca0e43c,2013.0,Hyundai,Santa Fe Sport,Santa Fe Sport,2.4L
1952e5f91de0,2015.0,Ford,Fusion Hybrid,Fusion Hybrid,S
195b6db9d0d4,2013.0,Toyota,Prius c,Prius c,Two
196320690fe9,2015.0,Buick,LaCrosse,LaCrosse,Premium II
196f1caf7a65,2013.0,Toyota,Sienna,Sienna,SE 8-Passenger
19754e2e7ef8,2014.0,Mazda,CX-5,CX-5,Touring
197f57dd73e6,2013.0,Chevrolet,Camaro,Camaro,ZL1
1989b27d8e99,2014.0,Cadillac,CTS,CTS,2.0T Luxury Collection
198ba2c3b1a4,2016.0,Jeep,Cherokee,Cherokee,Sport
19937b1f5a11,2013.0,Ford,Fiesta,Fiesta,SE
199f6b33b24e,2013.0,Volvo,S60,S60,T5
19a09cd1f46c,2016.0,Hyundai,Sonata Plug-in Hybrid,Sonata Plug-in Hybrid,Base
19a17d7fd5f6,2013.0,Lexus,CT 200h,CT 200h,Base
19a51324c2b9,2013.0,Honda,Civic,Civic,LX
19b4715694a7,2015.0,Chevrolet,Equinox,Equinox,LT
19cfded4ecf4,2014.0,Acura,MDX,MDX,SH-AWD w/Tech Pkg
19d181731537,2014.0,Jeep,Cherokee,Cherokee,Limited
19d47041493b,2014.0,Kia,Forte Koup,Forte Koup,EX
19d6ffab8a52,2012.0,Infiniti,QX56,QX56,Base
19e4e5240c25,2014.0,Honda,CR-V,CR-V,EX-L
19ef6aed48cd,2014.0,Chrysler,Town and Country,Town and Country,Touring-L
1a02b5de8e8d,2014.0,Subaru,Outback,Outback,2.5i
1a066c5d0f6d,2013.0,Scion,xD,xD,10 Series
1a17a1bd648b,2011.0,Mazda,CX-7,CX-7,i SV
1a17cdbf3550,2014.0,Honda,Accord,Accord,LX
1a2dc9c64231,2013.0,Chevrolet,Cruze,Cruze,LS Auto
1a33373f465c,2014.0,GMC,Terrain,Terrain,SLE-1
1a34282f5098,2016.0,Hyundai,Veloster Turbo,Veloster Turbo,Base
1a46a70bddf2,2014.0,Ford,Focus,Focus,SE
1a5ca789e043,2015.0,Lexus,ES 350,ES 350,Base
1a69d3d08bf9,2013.0,Honda,Civic,Civic,LX
1a6a1e6db641,2015.0,Nissan,Versa,Versa,1.6 SV
1a6bc73ed99a,2014.0,Toyota,Prius,Prius,Two
1a6e5829484f,2015.0,Nissan,Sentra,Sentra,SV
1a7ec9546089,2013.0,Lexus,ES 350,ES 350,Base
1a8429edd617,2011.0,Mercury,Grand Marquis,Grand Marquis,LS
1a8d22339d20,2015.0,Scion,tC,tC,Base
1aa920b765d6,2014.0,Toyota,Camry,Camry,LE
1ab925fedd6b,2015.0,Toyota,Prius,Prius,Two
1aba91a601c6,2013.0,Honda,Fit,Fit,Sport
1acd3d0c909f,2014.0,Toyota,Prius c,Prius c,Four
1ada7f34ad3b,2015.0,Nissan,LEAF,LEAF,SV
1adaeb44f109,2014.0,Ford,Mustang,Mustang,GT
1ae8a68a40e4,2013.0,Jaguar,XJ,XJ,Base
1af2ba933c12,2015.0,Dodge,Challenger,Challenger,R/T
1b208f62ca5b,2013.0,Chevrolet,Malibu,Malibu,LT
1b215b712cd8,2014.0,Ford,Fusion,Fusion,Titanium
1b218148cb02,2014.0,Volkswagen,Beetle,Beetle,R-Line PZEV
1b257f955c01,2013.0,Buick,Verano,Verano,Convenience Group
1b25ea8ba94d,2016.0,Kia,Sorento,Sorento,LX V6
1b3c4192e9f2,2015.0,Volkswagen,Jetta,Jetta,SE PZEV
1b3fe620f5d2,2015.0,Chrysler,200,200,Limited
1b53eb3519ed,2012.0,Land Rover,Range Rover Evoque Coupe,Range Rover Evoque Coupe,Dynamic
1b63826b8614,2015.0,Volkswagen,Jetta,Jetta,SE PZEV
1b7a81d2dc34,2015.0,Ford,Fiesta,Fiesta,SE
1b8acaf45e23,2013.0,Smart,fortwo,fortwo,pure
1b8d5b1e8f16,2014.0,Toyota,Corolla,Corolla,LE Eco Plus
1b91bcca99a3,2015.0,Nissan,Quest,Quest,3.5 SV
1ba84b81628e,2014.0,Mazda,CX-5,CX-5,Touring
1bbbb18092ca,,,,Corvette,Z16 Grand Sport
1bc32da4ca6d,2013.0,Cadillac,ATS,ATS,2.0T
1bc43b612f57,2014.0,Hyundai,Sonata,Sonata,GLS
1bcb31607a75,2015.0,GMC,Terrain,Terrain,SLE-1
1bdeeeacc45d,2012.0,MINI,Cooper Convertible,Cooper Convertible,Base
1bf30477568e,2014.0,Nissan,Rogue,Rogue,SV
1c02d4ff189f,2013.0,Honda,Odyssey,Odyssey,EX-L
1c1a505c4e49,2014.0,Audi,A5,A5,2.0T quattro Premium Plus
1c1cd0a47ecf,2014.0,Mazda,MAZDA5,MAZDA5,Sport
1c2244e64b1b,2015.0,Honda,Accord Hybrid,Accord Hybrid,Touring
1c2b90ef05b8,2013.0,Nissan,LEAF,LEAF,SV
1c30c60bc562,2015.0,Jeep,Compass,Compass,Sport
1c3aee0487a8,2013.0,Kia,Optima,Optima,LX
1c4314b06089,2014.0,Lexus,RX 350,RX 350,Base
1c45461a4401,2014.0,Chrysler,300,300,Base
1c4d3a558ea8,2014.0,Nissan,Altima,Altima,2.5 SV
1c56e2c7a5a1,2013.0,Hyundai,Sonata,Sonata,Limited
1c5748340af8,2012.0,Land Rover,Range Rover Sport,Range Rover Sport,HSE Limited Edition w/Climate Pkg
1c5a8981cc5d,2013.0,Buick,Verano,Verano,Leather Group
1c6a16ff18e3,2016.0,Chevrolet,Trax,Trax,LT
1c6e8c6b2f47,2013.0,Buick,Verano,Verano,Leather Group
1c71364b589e,2015.0,Ford,Focus,Focus,SE
1c7963267aab,2013.0,MINI,Roadster,Roadster,Cooper Cold Weather Pkg
1c7bc5c71e43,2014.0,Ford,Flex,Flex,SEL
1c7db1cfee4e,2013.0,Acura,TL,TL,Base w/Tech
1c903d2c299d,2014.0,Chevrolet,Volt,Volt,Base
1c98905f7836,2013.0,Dodge,Charger,Charger,R/T
1c9e65365050,2014.0,BMW,X1,X1,xDrive28i
1c9f83965892,2013.0,Ford,Fusion,Fusion,SE
1ca7da87c8e2,2014.0,Dodge,Journey,Journey,American Value Package
1cb02a2bb795,2013.0,Kia,Optima,Optima,LX
1cb5142e3d42,2012.0,Kia,Optima,,
1cb7786e90c7,2014.0,Ford,C-MAX Energi,C-MAX Energi,SEL
1cc385739578,2012.0,Kia,Optima,Optima,EX
1cc4186256dc,2016.0,FIAT,500X,500X,Trekking
1cc75f01849f,2013.0,Toyota,Prius,Prius,Two
1ccbc1206c9f,2016.0,Nissan,Versa,Versa,1.6 SV
1cd24dbe2e56,2013.0,Infiniti,G37 Sedan,G37 Sedan,Journey
1cd4b21b7496,2015.0,Dodge,Journey,Journey,R/T
1cd93e0aa8f5,2015.0,Honda,Accord,Accord,EX-L V6
1ce081fba7fd,2014.0,Kia,Soul,Soul,Base
1ceb99f0ff77,2014.0,Hyundai,Accent,Accent,GLS
1cefd225f0bc,2013.0,Infiniti,M37,M37,x
1cf1a8e8b4bb,2014.0,Kia,Optima,Optima,EX
1cf1e3fae695,2014.0,Dodge,Grand Caravan,Grand Caravan,SXT
1cf431ed17f4,2012.0,Nissan,Maxima,Maxima,3.5 S
1d1967c10b63,2013.0,Kia,Soul,Soul,Base
1d1a846b0186,2014.0,Honda,Civic,Civic,LX
1d1c92eec92b,2015.0,Nissan,Versa,Versa,1.6 SV
1d201a4b518f,2012.0,Nissan,LEAF,LEAF,SL
1d22846216d7,2014.0,Chevrolet,Cruze,Cruze,LS Auto
1d245879bf81,2014.0,Nissan,Altima,Altima,2.5 S
1d2814dbd013,2014.0,Subaru,Outback,Outback,2.5i Premium
1d2b4eafb151,2012.0,Infiniti,G37 Sedan,G37 Sedan,Journey
1d37d74f2fa4,2013.0,Infiniti,G37 Sedan,G37 Sedan,Journey
1d49a33854bd,2012.0,Mazda,Mazda3,Mazda3,i Grand Touring
1d5131e1093a,2016.0,INFINITI,Q50,Q50,2.0T Premium
1d5cbe304ae5,2011.0,INFINITI,QX56,QX56,Base
1d5f8162a4bc,2013.0,BMW,X1,X1,xDrive28i w/ Ultimate Pkg
1d66d1d68e90,2015.0,Toyota,Tundra,Tundra,Limited
1d84408bf74f,2010.0,Lexus,LX 570,LX 570,
1d84d4704ce3,2013.0,BMW,3 Series,3 Series,328i xDrive
1d8fb3dfc33f,2013.0,Nissan,Altima,Altima,2.5 S
1da49354f776,2016.0,Nissan,Rogue,Rogue,S
1da873717bb3,2015.0,Ford,Escape,Escape,Titanium
1daf51a98e3b,2013.0,Honda,Civic,Civic,LX
1db0f9a8ccab,2014.0,Nissan,Quest,Quest,3.5 SV
1db983fabba1,2014.0,Toyota,Corolla,Corolla,L
1dc4dff9ecb9,2015.0,Hyundai,Accent,Accent,GLS
1dcc219eeeea,2015.0,Nissan,Frontier,Frontier,SV W/ Towing Pkg
1dd0a2d115cc,2013.0,Hyundai,Sonata,Sonata,SE 2.0T
1dd600ad3cdd,2012.0,Dodge,Durango,Durango,Citadel
1dd620cdf832,2014.0,Nissan,Maxima,Maxima,3.5 SV
1dd85de2569f,2013.0,Nissan,LEAF,LEAF,SV
1ddef03af53f,2015.0,Subaru,Impreza,Impreza,2.0i
1dee1b5ab8c7,2013.0,Nissan,Altima,Altima,2.5 S
1df84290b8e7,2014.0,Chevrolet,Volt,Volt,Premium
1e0e94d8b1d0,2015.0,Honda,Accord,Accord,EX-L
1e1369502e56,2013.0,BMW,3 Series,3 Series,328i Premium
1e1f08eb359f,2014.0,Dodge,Journey,Journey,SXT
1e29b3a0ef61,2014.0,Ford,F-150,F-150,Lariat
1e33d24022f4,2013.0,Smart,fortwo,fortwo,pure
1e3c069ab32a,2012.0,Honda,Civic,Civic,LX
1e3f0f27a2df,2013.0,Mercedes-Benz,C-Class,C-Class,C 250 Sport w/ Premium Pkg
1e41be56de7c,2014.0,Chevrolet,Cruze,Cruze,1LT Auto
1e47e1231d8a,2014.0,MINI,Countryman,Countryman,Cooper S ALL4
1e495a80af2a,2013.0,INFINITI,G37 Convertible,G37 Convertible,Base
1e68eba302f5,2013.0,Honda,Pilot,Pilot,EX-L
1e6d955618f0,2013.0,Dodge,Challenger,Challenger,R/T
1e6f48393e17,2015.0,Mercedes-Benz,CLA,CLA,CLA 45 AMG
1e74442fff63,2013.0,BMW,3 Series,3 Series,335i xDrive
1e77e5eb4ed3,2014.0,Honda,Civic,Civic,EX
1e79c574562f,2014.0,Honda,Accord,Accord,Sport
1e7a456d265a,2015.0,Ford,F-150,F-150,XLT
1e7de886621d,2012.0,Toyota,Sienna,Sienna,XLE 8-Passenger
1e7f5e23d7c8,2014.0,Mercedes-Benz,E-Class,E-Class,E350 Sport
1e846c6c287e,2014.0,Mercedes-Benz,E-Class,E-Class,E350 Luxury 4MATIC
1e89e1af42e7,2016.0,Lexus,RC 300,RC 300,Base
1eb8b8a1fc21,2014.0,GMC,Acadia,Acadia,Denali
1ec7083006ec,2014.0,Nissan,Versa,Versa,1.6 SV
1ecc09a9a573,2016.0,Toyota,Camry Hybrid,Camry Hybrid,LE
1ee65a0b1542,2015.0,Toyota,Tundra,Tundra,1794
1ef0e20fde21,2013.0,Kia,Optima,Optima,LX
1ef19b898206,2014.0,Volkswagen,Passat,Passat,S PZEV
1f0040e0d87f,2016.0,Ford,Fusion,Fusion,SE
1f01a9493b19,2013.0,Hyundai,Elantra,Elantra,GLS
1f1080a9e6ee,2015.0,Nissan,Versa Note,Versa Note,SV
1f14751246d4,2013.0,Honda,Civic,Civic,EX
1f1654105b7b,2013.0,Honda,CR-V,CR-V,EX
1f1eed501cc9,2016.0,Ford,Edge,Edge,Sport
1f2d3c8f24b3,2013.0,Ford,F-150,F-150,XLT
1f4bdcb25aa1,2013.0,Infiniti,G37 Sedan,G37 Sedan,x
1f6425d90390,2014.0,Lexus,CT 200h,CT 200h,Base
1f73d884a15a,2014.0,Ford,Escape,Escape,Titanium
1f7575341d15,2015.0,Chevrolet,Sonic,Sonic,LT Auto
1f7723a9a313,2015.0,Volkswagen,Passat,Passat,Wolfsburg Edition
1f80f68c170f,2014.0,Chevrolet,Traverse,Traverse,LS
1f88ee3dbe3e,2010.0,BMW,X5 M,X5 M,Base W/ Climate Pkg
1f8b23fa5d2f,2012.0,FIAT,500,500,Lounge
1f971e2de445,2014.0,Chevrolet,Malibu,Malibu,LT
1f98cfd8ef70,2013.0,Hyundai,Elantra,Elantra,GLS
1fa042100f4c,2012.0,Infiniti,G37 Sedan,G37 Sedan,Sport Appearance Edition
1fa3f32f568e,2015.0,Chrysler,300,300,Limited
1fbb2f859da6,2014.0,Chevrolet,Malibu,Malibu,LT
1fce680ad09d,2015.0,Hyundai,Genesis,Genesis,3.8L
1fcfed163791,2016.0,Toyota,Corolla,Corolla,S Plus
1fd504e5f1cc,2015.0,Chevrolet,Cruze,Cruze,1LT Auto
1fda9402220a,2012.0,Toyota,Camry,Camry,LE
1fdd537c7817,2014.0,Infiniti,Q60 Coupe,Q60 Coupe,Journey
1ff13f052aed,2014.0,Chrysler,Town and Country,Town and Country,Touring
1ff68f0d8005,2012.0,MINI,Cooper Hardtop,Cooper Hardtop,S
200cb28e33f3,2012.0,INFINITI,M56,M56,Base
2021e79e6082,2014.0,Ford,Fusion,Fusion,SE
202ff1d1e783,2013.0,Mercedes-Benz,M-Class,M-Class,ML350 4MATIC
20336e196d8e,2013.0,Volkswagen,Jetta,Jetta,SE PZEV
2043a58a49bd,2012.0,Volkswagen,Tiguan,Tiguan,S
2058cc4d810e,2016.0,Hyundai,Elantra,Elantra,SE
206101792c4c,2016.0,Nissan,Maxima,Maxima,3.5 S
2064ee733d93,2013.0,Ford,Mustang,Mustang,GT
2065ec7f39c8,2013.0,Toyota,RAV4,RAV4,XLE
2067819f9862,2013.0,Jeep,Wrangler Unlimited,Wrangler Unlimited,Sport
206b4aeb95a0,2012.0,Mitsubishi,Lancer Sportback,Lancer Sportback,GT
207a903852e9,2013.0,Honda,Accord,Accord,EX
207f39c86fb5,2015.0,Kia,Optima,Optima,EX
208a319dd3e1,2014.0,Nissan,Altima,Altima,2.5 S
208b142ba78f,2013.0,Toyota,Prius c,Prius c,One
20c479035a39,2014.0,Ram,Ram Pickup 1500,Ram Pickup 1500,Tradesman
20d2b5fdb088,2012.0,Toyota,Tundra,Tundra,Limited
20ea09d5d541,2015.0,Buick,Regal,Regal,Premium I
20ea825b8495,2013.0,Nissan,JUKE,JUKE,S
20ece051660b,2013.0,Buick,Encore,Encore,Leather
20f94f84e0f8,2014.0,Kia,Soul,Soul,Base
210274e3e6d3,2015.0,Ford,Fusion Energi,Fusion Energi,SE Luxury
21072f049ff6,2012.0,Acura,TL,TL,
21276caf2880,2015.0,Chevrolet,Spark,Spark,LS CVT
21353aeec8e9,2013.0,Chevrolet,Volt,Volt,Base
213cb4b84f3f,2013.0,Nissan,LEAF,LEAF,SV
2141a8a59ff8,2014.0,Cadillac,SRX,SRX,Performance Collection
2149ef262cbe,2012.0,INFINITI,EX35,EX35,Base w/Premium Pkg
21563b21897f,2013.0,Nissan,Altima,Altima,2.5 S
2157fca5c0c0,2013.0,Ford,F-150,F-150,FX2
2160142a5ab8,2013.0,Ford,C-MAX Hybrid,C-MAX Hybrid,SEL
21684c355b6c,2014.0,Chevrolet,Camaro,Camaro,LS
2175c87a4a15,2013.0,Honda,Civic,Civic,LX
2182bdb9a480,2015.0,Jeep,Patriot,Patriot,Altitude Edition
2188d4078492,2013.0,Infiniti,G37 Sedan,G37 Sedan,x
218e6f21c811,2013.0,Chevrolet,Cruze,Cruze,1LT Auto
2192e672f84f,2013.0,Ford,Fusion,Fusion,Titanium
2196c9f59802,2014.0,Nissan,Rogue,Rogue,SV
21a1090a170a,2016.0,Nissan,Murano,Murano,SV
21a6e5d09320,2014.0,Kia,Soul,Soul,Base
21a723d841d6,2012.0,Nissan,Altima,Altima,2.5 S
21a7e6726ee3,2015.0,Lincoln,Navigator L,Navigator L,Base
21b004c947b8,2014.0,Kia,Rio5,Rio5,LX
21b847c62450,2013.0,Toyota,Prius,Prius,Two
21bacf13c14a,2014.0,Chevrolet,Cruze,,
21c783b9841b,2014.0,Dodge,Grand Caravan,Grand Caravan,SXT
21d412100b8f,2014.0,Chevrolet,Impala,Impala,LT
21dcb13b1366,2014.0,Infiniti,QX60,QX60,Base
21de6fb0edc9,2015.0,Chevrolet,Camaro,Camaro,LT
21e4240a9fc2,2013.0,Toyota,Prius,Prius,Three
21eb4d71ac2b,2011.0,Honda,Civic,Civic,Si
21f74a17b9f3,2013.0,GMC,Acadia,Acadia,SLE-2
21fca4e963f5,2014.0,Hyundai,Elantra,Elantra,SE
2204ad7b8a20,2012.0,Jeep,Wrangler,Wrangler,Sport
22098eba3f72,2013.0,Ford,Escape,Escape,SEL
2219b9eeb3cd,2014.0,Ford,Escape,Escape,Titanium
221e04329427,2013.0,Mazda,MAZDA3,MAZDA3,i Grand Touring
22373197b153,2013.0,Chevrolet,Cruze,Cruze,1LT Auto
223760ab2077,2013.0,Volvo,S60,S60,T5
2240eac36ff7,2014.0,Chevrolet,Camaro,Camaro,LT
225dd910bb42,2013.0,Cadillac,CTS,CTS,3.0L Luxury
2267f4aa0d2c,2013.0,Jaguar,XF,XF,3.0
226fb9cd97c8,2014.0,BMW,Z4,Z4,sDrive28i
227f3408b024,2015.0,Dodge,Charger,Charger,R/T
2280decf6c41,2012.0,Toyota,Camry,Camry,SE
2289c327f338,2013.0,Kia,Soul,Soul,+
228c4b8adb1d,2014.0,Nissan,Altima,Altima,2.5 S
228fac10f073,2015.0,Lexus,NX 200t,NX 200t,Base
22919c0f6f9a,2014.0,Jeep,Cherokee,Cherokee,Trailhawk
22a9c736ba75,2013.0,Honda,Accord,Accord,EX
22aeb6494dbb,2014.0,Ford,Fiesta,Fiesta,SE
22b6303caeb0,2013.0,Honda,Civic,Civic,HF
22bb8ea3e43a,2015.0,Dodge,Journey,Journey,SXT
22c16b8c72cc,2013.0,Mercedes-Benz,C-Class,C-Class,C300 Sport Pkg 4MATIC
22c67f71294c,2013.0,Land Rover,Range Rover Evoque,Range Rover Evoque,Pure
22db305dbcff,2015.0,Ford,Mustang,Mustang,EcoBoost Premium
22de1548824e,2015.0,Chrysler,200,200,S
22e98e7e6afa,2015.0,Toyota,Sienna,Sienna,LE 8-Passenger
22fdf14dc645,2015.0,Kia,Soul,Soul,+
2307c9bd0e9e,2013.0,Ford,Edge,Edge,SEL
23080874e92a,2015.0,Jeep,Cherokee,Cherokee,Latitude
230bb5a37042,2014.0,Smart,fortwo,fortwo,pure
231a08adae3d,2014.0,Chevrolet,Cruze,Cruze,LS Auto
231afde466ed,2014.0,Ford,Edge,Edge,SE
231da6eeb95a,2014.0,Volkswagen,Touareg,Touareg,V6 Sport
2321425bc909,2012.0,Honda,CR-V,CR-V,EX-L
2330aefb62a8,2012.0,Mazda,MAZDA3,MAZDA3,i Touring
2335eef27de6,2011.0,Mazda,Mazda2,Mazda2,Sport
234713a3fdee,2015.0,Volkswagen,Jetta,Jetta,SE PZEV
2349691ec35d,2013.0,Kia,Soul,Soul,Base
234e13538ef6,2013.0,Ford,Edge,Edge,SE
234f09ecbcd3,2014.0,Nissan,Versa,Versa,1.6 SV
2360dbbc1b9f,2014.0,Volkswagen,Jetta,Jetta,S
2370f4b23b8a,2013.0,Volvo,S60,S60,T5
2373a738d11c,2013.0,Nissan,Sentra,Sentra,SL
237edca89911,2012.0,Acura,TSX,TSX,
23889f641bdf,2014.0,Toyota,Corolla,Corolla,LE
238b3435e159,2014.0,Kia,Cadenza,Cadenza,Premium
23918be8d448,2014.0,Kia,Sorento,Sorento,LX
2395e29e106d,2012.0,Honda,Civic,Civic,LX
23b069652b9e,2015.0,Chrysler,200,200,S
23b3b8060345,2014.0,Toyota,Camry,Camry,SE
23b622df638e,2014.0,GMC,Terrain,Terrain,SLE-1
23c088f6ec27,2015.0,Lexus,IS 350,IS 350,Base w/ F Sport Pkg
23ca5cbb10b7,2015.0,Hyundai,Accent,Accent,GLS
23cc11d0f686,2014.0,Kia,Cadenza,Cadenza,Premium
23cf3689da64,2013.0,Hyundai,Sonata,Sonata,GLS
23db3b0bad28,2013.0,Toyota,Corolla,Corolla,LE
23e41f4302e5,2014.0,Honda,CR-V,CR-V,EX-L
23eded36db2c,2014.0,Chevrolet,Volt,Volt,Premium
2400fa94147e,2013.0,Honda,Civic,Civic,EX-L
2403c054e027,2013.0,Honda,Crosstour,Crosstour,EX-L
2406d7eb9fb8,2014.0,Chrysler,300,300,C John Varvatos Luxury
2419dd132bab,2012.0,Honda,Accord,Accord,SE
241c4ec21800,2015.0,Lexus,NX 200t,NX 200t,200t Sport Utility
242012671fb9,2014.0,Kia,Optima,Optima,LX
24247d3d8d16,2015.0,Lincoln,MKS,MKS,EcoBoost
242d3b3794c0,2014.0,Kia,Sorento,Sorento,LX
24359ae1e95a,2014.0,Dodge,Avenger,Avenger,SE
2456f1fbe7b9,2012.0,Hyundai,Sonata Hybrid,Sonata Hybrid,Hybrid Base
245f9c9eab8a,2016.0,Mitsubishi,Lancer,Lancer,GT
24603e4c5c39,2014.0,Chrysler,Town and Country,Town and Country,Touring
247f98da72ca,2014.0,Kia,Optima,Optima,EX
24883ec76ea2,2012.0,Nissan,Altima,Altima,3.5 SR
2497163ba23e,2014.0,Buick,Encore,Encore,Premium
249fd4951753,2013.0,Mazda,MAZDA6,MAZDA6,i Sport
24a5c2065f5d,2014.0,Cadillac,Escalade,Escalade,Luxury
24b86a84706f,2013.0,Chevrolet,Camaro,Camaro,SS
24bb931aa36a,2013.0,GMC,Terrain,Terrain,SLE-1
24c5925c6fa6,2014.0,Kia,Sorento,Sorento,SX
24cdcbe28261,2013.0,Nissan,Rogue,Rogue,SV
24d3b6153fe7,2013.0,Lincoln,MKX,MKX,Base
24dccb659dea,2013.0,Hyundai,Veloster,Veloster,RE MIX
24e511a9a754,2014.0,Honda,Accord,Accord,EX-L
24eaeec99061,2014.0,Volkswagen,Jetta,Jetta,SE
24f0c97836fd,2015.0,Mercedes-Benz,GLA,GLA,GLA 250 4MATIC
250d693e69a8,2014.0,Smart,fortwo,fortwo,passion
251955adb060,2014.0,Mercedes-Benz,CLA,CLA,CLA250 w/Sport Pkg
2522986a63e3,2013.0,GMC,Sierra 1500,Sierra 1500,SLT
2528689f3340,2014.0,Toyota,Prius c,Prius c,Two
252c6ab0d70c,2015.0,Nissan,Quest,Quest,3.5 SV
2535778b48d3,2016.0,Ford,Focus,Focus,Titanium
2545f1465191,2014.0,GMC,Acadia,Acadia,SLE-2
25486474248b,2014.0,Chevrolet,Impala,Impala,LT
2551c7f8856e,2013.0,Nissan,LEAF,LEAF,SV
25571377815a,2011.0,Kia,Sorento,Sorento,Base
255996dd8ca4,2015.0,Ford,Fiesta,Fiesta,SE
256f672d2e5f,2013.0,Hyundai,Sonata Hybrid,Sonata Hybrid,Base
25766fac0de7,2016.0,Chevrolet,Sonic,Sonic,LTZ Auto
25782cd95cca,2014.0,Honda,CR-V,CR-V,LX
257d8c06c4ba,2015.0,Toyota,Corolla,Corolla,S Plus
258df22c4577,2013.0,Honda,Civic,Civic,LX
258fb23c3bab,2015.0,Chevrolet,Equinox,Equinox,LS
259e266911d1,2014.0,Ford,Fusion,Fusion,Titanium
25bb0d68c9c7,2013.0,Infiniti,JX35,JX35,
25c13356aa8f,2014.0,Nissan,Versa,Versa,1.6 S
25c3d292b286,2013.0,Jeep,Grand Cherokee,Grand Cherokee,Laredo
25cd7e2040e3,2015.0,Ford,Taurus,Taurus,Limited
25d4634d84e0,2014.0,Kia,Soul,Soul,+
25e383118bc2,2013.0,Hyundai,Sonata,Sonata,GLS
25e92bfba1e1,2013.0,Smart,fortwo,fortwo,pure
25e9478d0102,2012.0,Ford,Fiesta,Fiesta,SES
26010d8d6002,2013.0,Mazda,CX-9,CX-9,Touring
260268d6b1b6,2012.0,Honda,Accord,Accord,SE
261df3db41ee,2013.0,MINI,Hardtop,Hardtop,Cooper S
261ff2ee8ee2,2014.0,INFINITI,QX60,QX60,Base
264888bd026b,2013.0,Nissan,Altima,Altima,2.5 SV
26665a736b6d,2013.0,Honda,Accord,Accord,LX
266ad4944f27,2014.0,Honda,Accord,Accord,LX
2675ab81f833,2014.0,Buick,Verano,Verano,Convenience Group
267d4caba5e2,2012.0,GMC,Yukon,Yukon,SLT W/ Towing Pkg
2682ff6e615f,2013.0,Honda,Accord,Accord,LX-S
26879144189a,2013.0,Nissan,LEAF,LEAF,S
268e4cb61890,2013.0,Kia,Soul,Soul,Base
26cb47c6b1c6,2013.0,Cadillac,ATS,ATS,2.0T Luxury
26ccab021981,2013.0,GMC,Acadia,Acadia,Denali
26cd414e78e2,2013.0,Acura,ILX,ILX,2.0L
26d17e204cbc,2014.0,Honda,CR-V,CR-V,EX
26de79af67de,2016.0,Ram,Pickup 1500,Pickup 1500,SLT
26e316ee0893,2015.0,Toyota,Yaris,Yaris,5-Door L
26fddb40f794,2012.0,Mazda,MAZDA6,MAZDA6,i Sport
270385b86e76,2014.0,Chrysler,300,300,Base
27067c360b02,2016.0,Volkswagen,Jetta,Jetta,1.4T S
2707b3dda737,2015.0,Ford,Fusion,Fusion,SE
27080b082b16,2014.0,Ford,Explorer,Explorer,XLT
271aae3515a2,2015.0,Lexus,RX 350,RX 350,Base
271c53456ff7,2015.0,Chevrolet,Camaro,Camaro,LT
2723adbbfe5b,2013.0,Honda,Civic,Civic,Si
273914557c2f,2014.0,Chevrolet,Impala Limited,Impala Limited,LT Fleet
2739894b586d,2013.0,Nissan,JUKE,JUKE,S
273bfb9d4c94,2013.0,Infiniti,G37 Sedan,G37 Sedan,Journey w/Premium Pkg
27428dcc0a27,2014.0,Hyundai,Tucson,Tucson,SE
2750e36181b9,2016.0,Kia,Rio,Rio,LX
27578e89d555,2013.0,Toyota,Prius c,Prius c,One
275ba887df50,2013.0,Honda,CR-V,CR-V,EX
275ea9e308d7,2013.0,Hyundai,Elantra,,
27607565cf2f,2013.0,Acura,TL,TL,Base
2769ae795b1a,2015.0,FIAT,500,500,Pop
278f8f9ffb40,2013.0,Acura,ILX,ILX,2.0L w/Premium
2792660389f6,2014.0,Toyota,Prius,Prius,Two
279badb2e142,2012.0,Honda,Accord,Accord,LX-P
27a5ac6e96eb,2013.0,Nissan,Murano,Murano,S
27b0b5d41d6f,2014.0,Lexus,ES 350,ES 350,Base
27be65b8a354,2015.0,Nissan,Versa,Versa,1.6 SV
27c5b3136711,2014.0,GMC,Terrain,Terrain,SLT-2
27e295728590,2013.0,Nissan,Maxima,Maxima,3.5 SV Premium Pkg
27e420c6a3ba,2013.0,Toyota,Prius c,Prius c,One
27e4939e973b,2013.0,Buick,Verano,Verano,Convenience Group
27f5a3f74a2e,2015.0,Toyota,Camry,Camry,SE
28098e5d1ea4,2014.0,Chevrolet,Sonic,Sonic,LT Auto
280a7c81dacc,2013.0,Cadillac,ATS,ATS,2.5L
28109f18d9d4,2008.0,INFINITI,G37,G37,Journey
28194d2749e6,2014.0,Chevrolet,Impala Limited,Impala Limited,LTZ Fleet
282022760229,2014.0,Acura,MDX,MDX,SH-AWD
282ce93ca4ab,2014.0,Nissan,Altima,Altima,2.5 S
282e323b7b13,2012.0,Ford,Fusion,Fusion,SE
283ced516f29,2014.0,Buick,Verano,Verano,Convenience Group
28432a76ffd5,2013.0,Kia,Soul,Soul,Base
285191298ffb,2013.0,Chevrolet,Volt,Volt,Base
285a86ca8688,2014.0,Chrysler,Town and Country,Town and Country,Touring
28673743096d,2014.0,BMW,i3,i3,Base
286d46298f62,2013.0,Hyundai,Elantra,Elantra,GLS
287cc8d72bf2,2016.0,Jeep,Renegade,Renegade,Trailhawk
288a28207917,2015.0,BMW,3 Series,3 Series,320i xDrive
28a8cd1e3f21,2015.0,Acura,TLX,TLX,SH-AWD V6 w/Tech
28b3ceca84cd,2013.0,Jaguar,XJ,XJ,Base
28b9610472cb,2015.0,Ford,Fusion,Fusion,Titanium
28ba0dcc9538,2014.0,Ford,Fusion Hybrid,Fusion Hybrid,SE
28c294e69a62,2014.0,Toyota,Corolla,Corolla,LE
28c36320296f,2015.0,Chrysler,200,200,S
28c5d6165412,2013.0,Ram,Ram Pickup 1500,Ram Pickup 1500,Big Horn  Towing Pkg
28d55b8f0e34,2013.0,Hyundai,Veloster Turbo,Veloster Turbo,Base
28d7fb5ba432,2015.0,Lexus,RX 450h,RX 450h,Base
28d9a149cb02,2012.0,MINI,Cooper Hardtop,Cooper Hardtop,S
28e49a360a65,2013.0,Honda,Civic,Civic,LX
28e5d7cc6e94,2014.0,Ford,Fiesta,Fiesta,SE
28ef78b941ee,2013.0,Acura,TSX,TSX,Base
2900d220290f,2013.0,Cadillac,SRX,SRX,Luxury Collection
291fef136414,2012.0,Infiniti,QX56,QX56,Base W/ Theater Pkg
2920d0823ae3,2014.0,Cadillac,SRX,SRX,Performance Collection
2929511215b8,2014.0,Ford,Focus,Focus,ST
292ce2c1c76b,2014.0,Ford,Escape,Escape,S
292f59c6a347,2010.0,Mazda,CX-9,CX-9,Touring
29342697c43e,2015.0,Toyota,Corolla,Corolla,L
293a0fa72e5b,2014.0,Kia,Forte Koup,Forte Koup,EX
293daf2e1e96,2014.0,GMC,Terrain,Terrain,Denali
2943765d1edc,2014.0,Chevrolet,Cruze,Cruze,1LT Auto
296634f96c26,2015.0,Jaguar,XF,XF,2.0T Premium
2974787bc65f,2011.0,Ford,F-150,,
2977ad990172,2014.0,Land Rover,Range Rover Evoque,Range Rover Evoque,Pure
297a1a2544b0,2014.0,Honda,Accord,Accord,EX
2982ec81077a,2014.0,GMC,Terrain,Terrain,SLE-2
2985b04bc806,2013.0,Cadillac,ATS,ATS,3.6L Luxury
298b38c2ff59,2012.0,Nissan,Rogue,,
298f5406acf0,2012.0,BMW,5 Series,5 Series,550i Gran Turismo
2990f858e939,2014.0,Chevrolet,Impala,Impala,LS
299d4e9b3339,2015.0,Honda,Odyssey,Odyssey,EX
29af118bc868,2012.0,Cadillac,SRX,SRX,Luxury Collection
29b2c6e06947,2016.0,Hyundai,Equus,Equus,Ultimate
29b4eb480421,2015.0,Honda,Civic,Civic,EX
29bb3ece3180,2015.0,Kia,Sorento,Sorento,LX
29c10278e9a4,2013.0,Honda,Accord,Accord,EX-L w/Navi
29cdb56f8e91,2015.0,Volkswagen,Jetta,Jetta,SE PZEV
29dcd633a24c,2013.0,Audi,Q7,Q7,3.0T quattro Premium Plus W/  Technology Pkg
29e49b3e331e,2015.0,Chevrolet,Sonic,Sonic,LTZ Auto
29e60ee88f27,2013.0,Hyundai,Sonata Hybrid,Sonata Hybrid,Limited
29f7d9125648,2014.0,Hyundai,Accent,Accent,GS
2a01891cd463,2013.0,Buick,Verano,Verano,Base
2a1219eb672c,2014.0,Lexus,IS 250,IS 250,Base w/ F Sport Pkg
2a16952ab12a,2013.0,Acura,TL,TL,Base
2a42f162853c,2014.0,INFINITI,Q50,Q50,Base
2a4a8964ebf3,2014.0,Dodge,Journey,Journey,R/T
2a57488ed302,2011.0,Ford,Escape,Escape,XLT
2a67dc0e82de,2012.0,Mazda,MAZDA3,MAZDA3,i Grand Touring
2a6cabfb193f,2013.0,Chevrolet,Volt,Volt,Base
2a6eb6ced210,2014.0,Nissan,Altima,Altima,2.5 S
2a6f6c1c26b7,2010.0,Dodge,Grand Caravan,Grand Caravan,SE
2a745364fff4,2014.0,Chevrolet,Impala Limited,Impala Limited,LT
2a75749e8772,2012.0,Chevrolet,Equinox,Equinox,LTZ
2a7943a8b2fb,2014.0,Jeep,Wrangler Unlimited,Wrangler Unlimited,Rubicon
2a79dd331a81,2013.0,Mercedes-Benz,C-Class,C-Class,C 300 Luxury 4MATIC
2a7cf03e3c72,2013.0,Hyundai,Veloster Turbo,Veloster Turbo,Base
2a7e771305be,2014.0,Toyota,Prius c,Prius c,Three
2a8bc01107b0,2014.0,Ford,C-MAX Energi,C-MAX Energi,SEL
2a9524e0adf5,2013.0,Chevrolet,Equinox,Equinox,LTZ
2aa7f2fca638,2015.0,Jeep,Wrangler Unlimited,Wrangler Unlimited,Sahara
2aa97bc208e3,2012.0,Honda,Civic,Civic,Natural Gas w/Navi
2aac45677eb8,2013.0,Honda,CR-V,CR-V,EX-L
2abd66d54547,2014.0,Ram,Ram Pickup 1500,Ram Pickup 1500,Big Horn
2ac699eaa74e,2013.0,Mazda,MAZDA3,MAZDA3,i SV
2ac745ff9e47,2015.0,Nissan,Versa Note,Versa Note,SV
2acdb52e0b2f,2014.0,Ford,F-150,F-150,XLT
2acef4fd6163,2013.0,Lexus,CT 200h,CT 200h,Base W/F Sport Pkg
2adad7bbe262,2013.0,Toyota,Corolla,Corolla,S
2add542e9f99,2014.0,Kia,Forte,Forte,LX
2adf2b09c8ff,2013.0,Lexus,ES 300h,ES 300h,Base
2aecd724ed24,2014.0,Mercedes-Benz,E-Class,E-Class,E350 Luxury Sport Pkg
2af7c265531e,2011.0,Ford,Shelby GT500,Shelby GT500,Base
2afc1f1bcb96,2015.0,Chevrolet,Sonic,Sonic,LTZ Auto
2b015663bac5,2014.0,Ford,Flex,Flex,SEL
2b05cb92c427,2016.0,Nissan,JUKE,JUKE,SV
2b0644f7360a,2014.0,Nissan,Sentra,Sentra,SV
2b103ba71da4,2013.0,Ford,Escape,Escape,SEL
2b10d190592c,2014.0,Dodge,Dart,Dart,GT
2b16719d65e1,2013.0,Smart,fortwo,fortwo,passion
2b189cc36892,2012.0,GMC,Sierra 1500,Sierra 1500,SLE
2b1b88c09dd3,2011.0,Dodge,Durango,Durango,R/T
2b1fce345758,2014.0,BMW,X6,X6,xDrive35i w/Premium Pkg
2b2b3bd8a0de,2012.0,Toyota,Prius,Prius,Three
2b377d14a6f7,2013.0,BMW,X3,X3,xDrive28i
2b4339ebc344,2015.0,Lexus,ES 350,ES 350,Base W/ Luxury Pkg
2b5115b6a24f,2014.0,Ford,Expedition EL,Expedition EL,XLT
2b55c79a08f4,2013.0,Honda,Civic,Civic,LX
2b7dae1ce66e,2014.0,Ford,Fusion,Fusion,SE
2b82d3ae0ea8,2015.0,INFINITI,Q70 Hybrid,Q70 Hybrid,Base W/ Premium Pkg
2b85f3ff5c91,2014.0,Subaru,Impreza,Impreza,WRX
2b8b88542e59,2013.0,Honda,Civic,Civic,LX
2bb507a4a97f,2014.0,Jeep,Wrangler,Wrangler,Rubicon
2bb72e82703d,2015.0,Toyota,4Runner,4Runner,SR5
2bc8d02bbac0,2014.0,Land Rover,Range Rover Evoque,Range Rover Evoque,Prestige
2bcf085c42e0,2013.0,Infiniti,G37 Sedan,,
2bd7a01d9937,2012.0,BMW,3 Series,3 Series,335i
2be77fac38d9,2013.0,Audi,Q7,Q7,3.0T quattro S line Prestige
2be8b815118b,2014.0,Chevrolet,Impala Limited,Impala Limited,LT Fleet
2bf61bdc63ce,2014.0,Nissan,Maxima,Maxima,3.5 SV
2c09d35ee496,2014.0,Ford,F-150,F-150,XLT
2c11a598809f,2013.0,Honda,Accord,Accord,EX
2c35d811589c,2013.0,Volkswagen,Tiguan,Tiguan,S
2c35f8a42dc5,2015.0,Dodge,Charger,Charger,SE
2c366ec62988,2012.0,Buick,LaCrosse,LaCrosse,Leather
2c3afbcc3602,2014.0,Jeep,Compass,Compass,Sport
2c484b2e9249,2011.0,Toyota,Avalon,Avalon,Base
2c4fbb0bf79b,2013.0,Honda,Accord,Accord,LX
2c52a8c55504,2015.0,Chevrolet,Sonic,Sonic,LTZ Auto
2c57132da7a0,2015.0,GMC,Canyon,Canyon,Base
2c688253ef3c,2015.0,Hyundai,Genesis,Genesis,5.0L
2c6ded9b6999,2014.0,GMC,Terrain,Terrain,SLT-1
2c71bb31ba85,2016.0,Kia,Sportage,Sportage,LX
2c7396ca610a,2015.0,Hyundai,Santa Fe Sport,Santa Fe Sport,2.0L
2c7a4a147105,2014.0,Honda,Civic,Civic,LX
2c93860f3dfa,2012.0,Ford,Edge,,
2cb06c1f5bb1,2007.0,Dodge,Ram Pickup 1500,Ram Pickup 1500,ST
2cb91c2543fa,2012.0,INFINITI,G25 Sedan,G25 Sedan,x
2cc105fa090a,2016.0,Jeep,Cherokee,Cherokee,Latitude
2cc10b70c6e5,2013.0,Hyundai,Veloster Turbo,Veloster Turbo,Base
2cc1f78cd2a2,2013.0,Hyundai,Sonata,,
2cc53b2a93a1,2015.0,Chevrolet,Malibu,Malibu,LS
2cc8ac359692,2015.0,Mitsubishi,Lancer,Lancer,ES
2cd2292848f3,2013.0,Kia,Soul,Soul,Base
2cd32198b38c,2012.0,Toyota,Prius,Prius,Two
2cd58b59f4cc,2012.0,Volkswagen,Jetta,Jetta,TDI
2cdb9f2a22f6,2014.0,Chevrolet,Cruze,Cruze,LS Auto
2cdbf153de7a,2013.0,Lexus,ES 350,ES 350,Base
2cf0f4aa59d9,2013.0,Mitsubishi,Outlander Sport,Outlander Sport,LE
2cfdb05b1041,2013.0,Ford,C-MAX Hybrid,C-MAX Hybrid,SEL
2d0123a850b0,2013.0,MINI,Clubman,Clubman,Cooper
2d07b3e31663,2015.0,Ford,Focus,Focus,SE
2d07f2ef3140,2015.0,Mercedes-Benz,E-Class,E-Class,E350
2d0e1b774464,2014.0,Mitsubishi,Outlander,Outlander,SE
2d1d577ba684,2014.0,Kia,Soul,Soul,Base
2d1da32cc0a4,2014.0,Lexus,IS 250,IS 250,Base
2d2180ffbf24,2014.0,Kia,Soul,,
2d22baecdb12,2013.0,Mercedes-Benz,C-Class,C-Class,C250 Sport
2d2e5618ce53,2015.0,Toyota,Avalon,Avalon,XLE
2d300e543653,2014.0,Mazda,CX-5,CX-5,Touring
2d3e9b5419e1,2013.0,Ford,Fusion,Fusion,SE
2d41c66452eb,2014.0,Kia,Sorento,Sorento,LX
2d5283adaae4,2013.0,Lexus,RX 350,RX 350,Base W/ Premium Pkg
2d6019caf537,2013.0,Hyundai,Sonata,Sonata,GLS
2d622508a0e2,2015.0,Ford,Edge,Edge,SE
2d72df87623b,2014.0,Toyota,Prius,Prius,Two
2d7660c70a65,2012.0,Honda,Civic,Civic,EX
2d78f1769d9e,2014.0,Lincoln,MKX,MKX,Base
2d79111d465a,2014.0,Chrysler,Town and Country,Town and Country,Touring
2d79a311af6e,2013.0,GMC,Acadia,Acadia,SLT-1
2d7df0ba6757,2014.0,Kia,Optima,Optima,LX
2d8f9c9fb312,2012.0,Toyota,FJ Cruiser,FJ Cruiser,Base
2d9672054b8a,2014.0,Chevrolet,Volt,Volt,Premium
2da8873eb7a0,2013.0,Kia,Optima,Optima,LX
2db2ed0c385b,2014.0,Jeep,Compass,Compass,Sport
2db4e51979dc,2016.0,Volkswagen,Tiguan,Tiguan,2.0T S 4Motion
2dbe5eb0cdaa,2013.0,Nissan,Maxima,Maxima,3.5 SV
2dc30ade068f,2015.0,Volkswagen,Passat,Passat,S PZEV
2dc8a8120d15,2014.0,Honda,CR-V,CR-V,EX
2dd9b9edbc3c,2015.0,Volkswagen,Jetta,Jetta,SE PZEV
2ddfe5d23c1e,2013.0,BMW,3 Series,3 Series,320i W/ Premium Pkg
2de50260ff59,2014.0,Dodge,Avenger,Avenger,SE
2debb57c9abb,2014.0,Volkswagen,Passat,Passat,SE PZEV
2dee42ecf15a,2014.0,Toyota,Prius,Prius,Two
2e0838b7ef76,2013.0,Toyota,Highlander,Highlander,Base
2e0d4e804281,2012.0,Hyundai,Sonata Hybrid,Sonata Hybrid,Base
2e1701d5a41b,2012.0,Honda,Crosstour,Crosstour,EX
2e1f607c0808,2014.0,Ford,Fusion Energi,Fusion Energi,Titanium
2e217da813cc,2015.0,Chevrolet,Traverse,Traverse,LS
2e22054b898f,2015.0,Volkswagen,Beetle,Beetle,1.8T Classic PZEV
2e22eeb9ecef,2013.0,Mazda,Mazda3,Mazda3,i SV
2e2b6a168b12,2014.0,Dodge,Grand Caravan,Grand Caravan,SXT
2e2bee200cd0,2014.0,Nissan,Maxima,Maxima,3.5 S
2e3a775626f4,2013.0,Mercedes-Benz,C-Class,C-Class,C250 w/Premium Pkg 1
2e3d1634394e,2015.0,Hyundai,Sonata Hybrid,Sonata Hybrid,Base
2e4884c6e346,2014.0,Lexus,ES 350,ES 350,Base
2e531d3cfc48,2014.0,Scion,iQ,iQ,Base
2e558ef55875,2015.0,Chevrolet,Camaro,Camaro,LT
2e64d944955b,2012.0,Toyota,Prius,Prius,Three
2e8024a81a2f,2013.0,Hyundai,Santa Fe Sport,Santa Fe Sport,2.4L
2ea25678cd7e,2014.0,Jeep,Wrangler Unlimited,Wrangler Unlimited,Rubicon
2ea49e8b89e8,2014.0,Chevrolet,Camaro,Camaro,LT
2ea4c7e76924,2014.0,Honda,Civic,Civic,LX
2ea62c1beee7,2009.0,BMW,1 Series,1 Series,135i
2ea92550166e,2014.0,Nissan,Altima,,
2eac6fe78171,2013.0,Volkswagen,Jetta,Jetta,SE
2eb4d2c125cf,2011.0,Toyota,RAV4,RAV4,Limited
2eb6f7dabea3,2014.0,Kia,Forte,Forte,LX
2ec243194356,2014.0,Dodge,Challenger,Challenger,SRT8 Core
2ec2431daf89,2016.0,Honda,Fit,Fit,EX
2edb549d1eca,2013.0,Lexus,CT 200h,CT 200h,Base
2ee0babade9b,2013.0,Toyota,Prius c,Prius c,Three
2ee5f202e38f,2015.0,Hyundai,Sonata Hybrid,Sonata Hybrid,Base
2ee8d45927ec,2014.0,Kia,Sportage,,
2ee93b75d6b8,2012.0,Jeep,Compass,Compass,Latitude
2eed35b502f6,2013.0,Scion,xD,xD,10 Series
2ef2b5949b6d,2014.0,Ford,Fiesta,Fiesta,SE
2ef369e024e0,2015.0,Jeep,Cherokee,Cherokee,Latitude
2ef4478db967,2013.0,Honda,Civic,Civic,LX
2efed70fb963,2016.0,Nissan,Versa Note,Versa Note,SV
2f05fc5ba180,2015.0,Chevrolet,Equinox,Equinox,LT
2f20e17cf1d3,2013.0,Buick,LaCrosse,LaCrosse,Premium 2
2f23119d350e,2014.0,Toyota,Prius,Prius,Two
2f23fa018437,2013.0,Hyundai,Tucson,Tucson,GL
2f243f48378f,2014.0,Nissan,Maxima,Maxima,3.5 S
2f3215abad82,2014.0,Nissan,Maxima,Maxima,3.5 S
2f39abb12388,2011.0,Mitsubishi,Lancer Evolution,Lancer Evolution,GSR
2f3c3d8b8c76,2013.0,Hyundai,Elantra,Elantra,GLS
2f44492db83c,2012.0,Volkswagen,Jetta,Jetta,SE
2f5150bb4d50,2014.0,Chrysler,Town and Country,Town and Country,Limited
2f526e178a96,2013.0,Ford,Fusion,Fusion,SE
2f56c7c9bc1a,2012.0,Toyota,Prius,Prius,Three
2f61f522d3ff,2013.0,FIAT,500e,500e,Base
2f651ac830ea,2015.0,BMW,5 Series,5 Series,535i w/Premium Pkg
2f76f89122dc,2012.0,Hyundai,Sonata,Sonata,GLS
2f834e9335cc,2015.0,Honda,Accord,Accord,EX-L
2fa14625c884,2014.0,Kia,Soul,Soul,Base
2fa43c136ec4,2012.0,Chevrolet,Equinox,Equinox,LT
2fa4a1a07ffe,2016.0,Kia,Rio,Rio,LX
2faa315201af,2010.0,Chevrolet,Camaro,Camaro,LT
2fac0e9130e1,2013.0,Ford,F-150,F-150,Platinum
2faf504842df,2014.0,Honda,CR-Z,CR-Z,EX
2fb32edf53dd,2011.0,Toyota,Tacoma,Tacoma,Base V6 Towing Pkg
2fbb351bf57a,2014.0,Lexus,CT 200h,CT 200h,Base
2fdf405edd5f,2015.0,Ford,Explorer,Explorer,Sport
2fe37382f988,2013.0,Toyota,Prius Plug-in Hybrid,Prius Plug-in Hybrid,Base
2ff4834f8be6,2013.0,Hyundai,Sonata,Sonata,GLS
2ffbdce884e6,2012.0,Volvo,S60,S60,T5
3004d685e6a1,2012.0,Honda,Civic,,
3005257dae62,2014.0,Dodge,Charger,Charger,SXT
300c17038b34,2013.0,Honda,Accord,Accord,EX-L V6
3010e2d5510e,2015.0,Mazda,Mazda3,Mazda3,i Sport
3012a41cac53,2015.0,Honda,CR-Z,CR-Z,Base
302eccfd84ef,2014.0,Volkswagen,Jetta,Jetta,S
304437bad7ff,2013.0,Hyundai,Elantra GT,Elantra GT,Base
30444beadb0c,2014.0,Toyota,Prius v,Prius v,Two
3071362591f7,2014.0,Mercedes-Benz,GLK-Class,GLK-Class,GLK350
307495e5d4de,2013.0,Honda,Accord,Accord,EX-L
307abcb7832b,2013.0,Honda,Civic,Civic,LX
308d0eb467f2,2012.0,Toyota,Camry,Camry,LE
3094da46808d,2014.0,Ford,Escape,Escape,Titanium
30a05fc402d5,2013.0,Cadillac,CTS,CTS,3.0L Luxury
30b192e5db20,2014.0,Ford,Fiesta,Fiesta,SE
30b51a17cc08,2015.0,Kia,Optima,Optima,LX
30b9a18311dc,2014.0,Dodge,Journey,Journey,SXT
30ba3c3414ca,2015.0,Dodge,Charger,Charger,SXT
30c298fe44ac,2014.0,Chrysler,300,300,Base
30c2d7724a7e,2013.0,Toyota,Camry,Camry,SE
30cf07820fd7,2014.0,Chevrolet,Equinox,Equinox,LT
30dd9172f80b,2015.0,Chevrolet,Spark,Spark,1LT CVT
30de2ad2ba59,2014.0,Kia,Soul,Soul,+
30e094c0a481,2016.0,Volkswagen,Tiguan,Tiguan,2.0T S 4Motion
30e0fda8deeb,2015.0,Audi,A3,A3,2.0T quattro Premium
30f2ffc79a38,2011.0,Kia,Soul,Soul,+
30f971cfc19c,2014.0,Cadillac,ATS,ATS,2.0T
30fea1a192e2,2014.0,Chevrolet,Camaro,Camaro,LT W/RS PKG
30ff8d99b828,2013.0,Buick,Verano,Verano,Convenience Group
310257457262,2013.0,Lexus,CT 200h,CT 200h,Base
3108d07e92fc,2014.0,Chevrolet,Malibu,Malibu,LTZ
310ee72aa768,2016.0,Kia,Sportage,Sportage,LX
31183f79b672,2007.0,Nissan,350Z,350Z,Touring
31186febd775,2016.0,Ford,Mustang,Mustang,EcoBoost Premium
311feffade89,2014.0,Kia,Forte,Forte,EX
313268f04960,2013.0,Toyota,Camry Hybrid,Camry Hybrid,XLE
3133e0767351,2013.0,INFINITI,G37 Convertible,G37 Convertible,Base w/ Premium Pkg
313593189759,2013.0,Acura,TSX,TSX,Base
313d51bb0005,2012.0,Ford,F-150,F-150,Platinum
314b704804fb,2013.0,Honda,Accord,Accord,LX
3167067b29e9,2014.0,Chevrolet,Equinox,Equinox,LS
316bbfd3d93d,2014.0,Land Rover,Range Rover Evoque Coupe,Range Rover Evoque Coupe,Pure Plus
3176b66a32ef,2012.0,Nissan,JUKE,JUKE,SV
3187742d5573,2015.0,Chevrolet,Sonic,Sonic,LTZ Auto
31976481ac59,2014.0,Mitsubishi,Outlander,Outlander,SE
319f8d045d76,2015.0,Volkswagen,Jetta,Jetta,SE PZEV
31af638d0049,2014.0,Ford,Focus,Focus,SE
31b82227ca7a,2015.0,Dodge,Challenger,Challenger,SXT
31c951f20f63,2013.0,Ford,Fiesta,Fiesta,SE
31cee9feab9a,2014.0,Kia,Soul,Soul,Base
31e3d2bad1fc,2014.0,Nissan,Maxima,Maxima,3.5 S
31e74066a483,2013.0,Chevrolet,Equinox,Equinox,LS
31f2b77ef7bb,2016.0,Ford,Fiesta,Fiesta,Titanium
31f9ec35b245,2013.0,Hyundai,Elantra,Elantra,GLS
322ec934f364,2012.0,Honda,Civic,Civic,LX
32363af8f191,2014.0,Toyota,Camry,Camry,SE
325bae0dd130,2013.0,Hyundai,Sonata Hybrid,Sonata Hybrid,Limited
325c9c9e73a3,2015.0,Hyundai,Equus,Equus,Signature
32896f38d55c,2015.0,Chevrolet,Sonic,Sonic,LT Auto
328f60f59bfb,2012.0,Toyota,Prius,Prius,Three
3296b42a1036,2014.0,Nissan,370Z,370Z,Coupe
32a502bcd673,2013.0,Hyundai,Elantra,Elantra,GLS Preferred Pkg
32b3a1f04aa7,2012.0,Toyota,Corolla,Corolla,L
32b5ecddf2a4,2014.0,Honda,Accord,Accord,Sport
32b9c4c53fd5,2013.0,Chevrolet,Equinox,Equinox,LT
32b9f56055b1,2015.0,Kia,Rio,Rio,LX
32cf639bad1b,2014.0,Ford,Fusion,Fusion,SE
32edfb7723ff,2015.0,INFINITI,QX50,QX50,Journey
32f4ebe0685a,2015.0,Ford,Fusion,Fusion,SE
32fb671b6d26,2012.0,Honda,Crosstour,Crosstour,EX-L V6
32ff007d9505,2013.0,Jeep,Wrangler Unlimited,Wrangler Unlimited,Rubicon 10th Anniversary
3300a114bf1c,2014.0,Toyota,RAV4,RAV4,LE
331659860e11,2015.0,Volkswagen,Passat,Passat,Wolfsburg Edition PZEV
331dcfa3cfb0,2015.0,Subaru,XV Crosstrek,XV Crosstrek,2.0i Premium
3320d86beed5,2015.0,Buick,Encore,Encore,Convenience
33310559e58c,2013.0,Chevrolet,Malibu,Malibu,LT
33367139c28d,2014.0,Acura,MDX,MDX,SH-AWD w/Tech
333c1c83bdab,2013.0,Hyundai,Sonata,Sonata,GLS
33646a6c0d6a,2013.0,Cadillac,Escalade ESV,Escalade ESV,Premium
3364e55bac98,2015.0,BMW,4 Series,4 Series,428i
336bedff29d0,2014.0,Buick,Verano,Verano,Convenience Group
33a09dfc8e2c,2014.0,INFINITI,QX80,QX80,Base
33a310ea7462,2012.0,Mazda,Mazda5,Mazda5,Grand Touring
33a804f208b5,2014.0,Nissan,Altima,Altima,2.5 S
33a862858447,2014.0,Buick,Verano,Verano,Convenience Group
33b34edc7904,2014.0,Honda,CR-V,CR-V,EX-L
33b5bf3630b4,2015.0,Toyota,Corolla,Corolla,S
33bb8049dbab,2010.0,Chevrolet,Camaro,Camaro,LT
33cde391e6eb,2013.0,GMC,Acadia,Acadia,SLT-2
33d0934c3c1a,2012.0,Toyota,Prius,Prius,Three
33d0c2936373,2013.0,Ford,Focus,Focus,Electric
33e4cb8faaa0,2014.0,Hyundai,Azera,Azera,Base
340cd749a254,2013.0,Ford,Edge,Edge,SEL
34146fc7af88,2013.0,Buick,Enclave,Enclave,Leather
3416f312f3c0,2013.0,Ford,Escape,Escape,SE
341b01697084,2014.0,FIAT,500L,500L,Trekking
3434a0f916da,2016.0,Mazda,Mazda3,Mazda3,i Sport
343522681bc7,2016.0,Lincoln,MKT,MKT,EcoBoost
344cbfcdbc5e,2014.0,Ford,Fusion,Fusion,SE
344ece157efc,2014.0,GMC,Acadia,Acadia,Denali
345cc959b8ba,2016.0,Ford,Explorer,Explorer,Platinum w/Towing Pkg
345d48d17a81,2011.0,Hyundai,Sonata,Sonata,GLS
345da1629775,2013.0,Buick,Regal,Regal,GS
34763abc3c49,2014.0,Toyota,Avalon,Avalon,XLE
34aee2ad4f08,2013.0,Chevrolet,Equinox,Equinox,LS
34b0c08544a5,2013.0,Ford,Fusion,Fusion,SE
34bbde9ad3c7,2014.0,Toyota,RAV4,RAV4,LE
34cc2cd9196b,2014.0,Infiniti,Q50,Q50,Base
34ce725de944,2013.0,Hyundai,Elantra,Elantra,GLS
34d5a99d9d67,2015.0,Chrysler,Town and Country,Town and Country,Limited Platinum
34defeec3ce6,2015.0,Jeep,Grand Cherokee,Grand Cherokee,Limited
34e3856e3cb6,2014.0,Mazda,Mazda3,Mazda3,i Touring
34ee6efb53b6,2013.0,Nissan,LEAF,LEAF,S
35078e8f6fe8,2016.0,Volvo,XC70,XC70,T5 Premier
351170080a28,2014.0,Ford,Fusion,Fusion,SE
351c583eabd6,2014.0,Hyundai,Genesis,Genesis,3.8L
352020fdb235,2015.0,Kia,Optima,Optima,LX
353c67b30c32,2014.0,Acura,ILX,ILX,2.0L w/Premium
3546f4e6846f,2015.0,BMW,3 Series,3 Series,328i
354ea2f04907,2013.0,Toyota,Camry,Camry,LE
355654f67030,2013.0,MINI,Hardtop,Hardtop,Cooper S
3558f6b41d17,2013.0,Mazda,CX-9,CX-9,Grand Touring
355db4f7fe3d,2012.0,Cadillac,CTS,CTS,3.6L
35650c3c0f2e,2014.0,Hyundai,Elantra,Elantra,SE
357b6a09b8d8,2013.0,Jeep,Wrangler,Wrangler,Sport
357b743c7f28,2013.0,Volvo,S60,S60,T5 Premier W/ Climate Pkg
358019819e8e,2015.0,Dodge,Grand Caravan,Grand Caravan,SXT
35843c211d33,2012.0,MINI,Cooper Hardtop,Cooper Hardtop,
358a100dd752,2013.0,Buick,Verano,Verano,Convenience Group
358afd716a5a,2013.0,Acura,RDX,RDX,Base
3595310e41d9,2013.0,Hyundai,Tucson,Tucson,GLS
35a1ac8d8f95,2015.0,Buick,Verano,Verano,Convenience Group
35a87b939080,2015.0,Chrysler,200,200,S
35bf6c35bb85,2014.0,Mazda,MAZDA3,MAZDA3,i Sport
35c2e0c809b6,2015.0,Toyota,Tundra,Tundra,SR5
35d77ce9cb3d,2013.0,Ford,Fiesta,Fiesta,SE
35dd9bd19b02,2013.0,Toyota,Camry Hybrid,Camry Hybrid,XLE
35e15f425d04,2014.0,Acura,MDX,MDX,SH-AWD
35e981674c8f,2014.0,Infiniti,Q60 Coupe,Q60 Coupe,Base
35ee19f1e1c3,2013.0,Volkswagen,Passat,Passat,V6 SEL Premium
35f951de3497,2013.0,Honda,Civic,Civic,EX
35fd324097d8,2013.0,Honda,Accord,Accord,LX
360383414441,2014.0,Audi,A6,A6,3.0T quattro Prestige
360b1c9bd343,2013.0,Honda,Accord,Accord,LX
360b23f5b323,2013.0,FIAT,500c,500c,Pop
36110e923fae,2014.0,FIAT,500L,500L,Trekking
361760dd316b,2014.0,BMW,3 Series,3 Series,328i
3627b6f4c16d,2016.0,Lexus,IS 300,IS 300,Base w/ F SPORT Pkg
363a594364d0,2012.0,Chrysler,300,300,C Luxury Series
363a8173b453,2014.0,Ford,Fusion,Fusion,Titanium
3647b9225824,2013.0,Smart,fortwo,fortwo,passion
3647ec69fec2,2012.0,Kia,Optima,,
364923a5002f,2012.0,INFINITI,EX35,EX35,Journey
364cb927a3b0,2014.0,Chevrolet,Cruze,Cruze,2LT Auto
364fd5fd7569,2014.0,Audi,A8 L,A8 L,3.0T quattro
36642683ff31,2014.0,Chevrolet,Cruze,Cruze,LS Auto
366a0ffe7793,2013.0,Lexus,CT 200h,CT 200h,Base
3678921a84f9,2014.0,Honda,CR-V,CR-V,EX
36860c885526,2014.0,Mercedes-Benz,GLK,GLK,GLK350 w/Premium Pkg
369bf80991c9,2014.0,Ford,Fusion,Fusion,Titanium
36a1e2e0a699,2013.0,Acura,ILX,ILX,2.0L w/Premium
36a3f7f77e85,2014.0,Cadillac,ATS,ATS,2.5L
36a616a80cea,2014.0,Honda,Pilot,Pilot,EX
36aaf2cc1e9a,2015.0,Dodge,Challenger,Challenger,SXT
36b6c1747c48,2014.0,Jeep,Patriot,Patriot,Sport
36c2fbd6a04e,2013.0,Hyundai,Elantra,Elantra,GLS
36cb8534c214,2014.0,Ford,Escape,Escape,Titanium
36e2c5be6a54,2015.0,Kia,Soul,Soul,+
36e93340d989,2014.0,Dodge,Charger,Charger,R/T
36ef4d25068b,2015.0,Volkswagen,Jetta,Jetta,SE PZEV
36f3509339ae,2013.0,Kia,Optima,Optima,LX
36f74b35654f,2012.0,Toyota,Prius,Prius,Three
37002b578904,2015.0,FIAT,500,500,Pop
3705b74727d0,2015.0,Acura,TLX,TLX,V6
37080531fe75,2015.0,Hyundai,Sonata,Sonata,SE
370a3fced4c4,2014.0,Mercedes-Benz,C-Class,C-Class,C 300 Sport 4MATIC
3718be5666cb,2013.0,Lexus,CT 200h,CT 200h,Base W/ Premium Package
371dfd7b5efe,2013.0,GMC,Terrain,Terrain,SLE-2
371e26245789,2014.0,Hyundai,Elantra GT,Elantra GT,Base
371f057d1242,2015.0,INFINITI,Q70,Q70,3.7
372419dbc265,2013.0,Volkswagen,CC,CC,Sport PZEV
37300f157b03,2014.0,Mercedes-Benz,E-Class,E-Class,E350 Luxury 4MATIC
373071c379a3,2013.0,Mercedes-Benz,C-Class,C-Class,C300 Sport 4MATIC
3735e299e303,2014.0,Mazda,Mazda6,Mazda6,i Touring
373f33fb0df8,2013.0,GMC,Terrain,Terrain,SLT-1
3762741d7049,2014.0,Dodge,Challenger,Challenger,Rallye Redline
37760a1b4706,2013.0,Audi,S5,S5,3.0T quattro Premium Plus
3780f3f9cdc1,2013.0,Ford,Fusion Hybrid,Fusion Hybrid,SE
3781e1bd66d9,2013.0,Honda,Accord,Accord,EX
3786517b9fa9,2013.0,Hyundai,Elantra,Elantra,Limited
3789e15178c7,2016.0,Lexus,IS 200t,IS 200t,Base w/ Premium Pkg
378ec4b0a22f,2014.0,Toyota,Corolla,Corolla,LE
37a83333a04e,2014.0,Dodge,Challenger,Challenger,SRT8
37a9d0f171b4,2015.0,Buick,Regal,Regal,Base
37c39803d032,2014.0,Chevrolet,Captiva Sport,Captiva Sport,LTZ
37c7db88f416,2014.0,Ford,Fiesta,Fiesta,SE
37d3528805b3,2013.0,Hyundai,Sonata,Sonata,SE 2.0T
37d60555cb2e,2014.0,Jeep,Patriot,Patriot,Sport
37ee613bfb11,2012.0,Honda,Civic,Civic,LX
380453c22045,2016.0,Nissan,Pathfinder,Pathfinder,S
38057f063f4a,2012.0,Chevrolet,Malibu,Malibu,LT
3806c0ca3313,2013.0,Lexus,RX 350,RX 350,Base
3810c5e1cdeb,2015.0,Ford,C-MAX Hybrid,C-MAX Hybrid,SE
381f01cc636c,2015.0,Nissan,LEAF,LEAF,SV
3824c2b80c4e,2014.0,Jeep,Cherokee,Cherokee,Trailhawk
382ac1856715,2014.0,Mitsubishi,Outlander Sport,Outlander Sport,SE
3832cbc45f2d,2015.0,Chevrolet,Sonic,Sonic,LTZ Auto
38354d49dde6,2014.0,Dodge,Grand Caravan,Grand Caravan,R/T
384bab3d54c1,2013.0,Honda,Civic,Civic,LX
384de35b03a1,2013.0,Ford,C-MAX Energi,C-MAX Energi,SEL
38582acaeb4c,2015.0,Chevrolet,Spark,Spark,1LT CVT
38669cadbc6f,2015.0,FIAT,500,500,Pop
386faa94322c,2014.0,Nissan,Murano,Murano,S
387beac3c4c5,2016.0,Jeep,Compass,Compass,Sport
388d72462036,2013.0,Mercedes-Benz,S-Class,S-Class,S550
389f963accf7,2013.0,Toyota,Corolla,Corolla,L
38aff4f64e7e,2014.0,Mercedes-Benz,CLA,CLA,CLA 250
38bfd2e58ccf,2015.0,Volkswagen,Passat,Passat,S PZEV
38cc462f2c02,2014.0,GMC,Terrain,Terrain,SLE-1
38cf57161704,2014.0,Buick,Verano,Verano,Premium Group
38e1264d7f50,2013.0,MINI,Hardtop,Hardtop,Cooper S
38f3d08f9af0,2015.0,Subaru,WRX,WRX,STI All Weather Pkg
38fbab474571,2014.0,Honda,Civic,Civic,LX
39007a80a989,2016.0,Nissan,Frontier,Frontier,SV
39060c7b2767,2013.0,Honda,Civic,Civic,LX
390f36ed589a,2015.0,Lincoln,MKZ,MKZ,Base
3915143c71a0,2016.0,Toyota,Tacoma,Tacoma,SR5 V6
391d742699a4,2013.0,Nissan,Sentra,Sentra,FE+ S
391f6d38a90f,2014.0,Chevrolet,Sonic,Sonic,LT Auto
3925423d9cbf,2014.0,Cadillac,ATS,ATS,3.6L Luxury
3928657eb0e5,2015.0,Toyota,RAV4,RAV4,XLE
39295f9e28a9,2015.0,Volkswagen,Jetta,Jetta,SE PZEV
392a768e2a81,2013.0,Honda,CR-V,CR-V,LX
393e701b31be,2014.0,Kia,Sorento,Sorento,LX
3949da0dc52c,2013.0,Nissan,Altima,Altima,2.5 SL
3954fe2e7515,2015.0,Jeep,Compass,Compass,Sport
395590ed7e24,2015.0,Ford,F-150,F-150,Lariat
39567002195c,2014.0,Nissan,LEAF,LEAF,S
3969a508af2f,2014.0,Lexus,GS 350,GS 350,Base W/ Premium Pkg
397a8c3f460e,2016.0,Chevrolet,Colorado,Colorado,LT
39843f1bce45,2012.0,Volkswagen,Tiguan,Tiguan,SE
3985bcf32127,2014.0,Chrysler,Town and Country,Town and Country,Touring
398f041c0da9,2013.0,Hyundai,Tucson,Tucson,GLS
39904be0ed21,2013.0,Jeep,Compass,Compass,Latitude
399589c21633,2014.0,Chevrolet,Impala,Impala,LT
399609f01f60,2015.0,Toyota,4Runner,4Runner,SR5
3997387fb528,2015.0,Ford,Fiesta,Fiesta,SE
399813992a93,2014.0,Acura,MDX,MDX,SH-AWD w/Tech
3999f18e4df7,2015.0,Volkswagen,Passat,Passat,TDI SEL Premium
39a4074490f0,2014.0,Chrysler,Town and Country,Town and Country,Touring-L
39a4d45e157e,2014.0,Mazda,Mazda6,Mazda6,i Grand Touring
39a6cdb10372,2014.0,Chrysler,300,300,Base
39aafbca1174,2014.0,Jeep,Compass,Compass,Sport
39bbb1632821,2015.0,Mercedes-Benz,CLA,CLA,CLA 250
39c6b5c88ea2,2015.0,Infiniti,Q50,Q50,Premium
39ed1fdaa903,2013.0,Kia,Optima,Optima,LX
39fa50413e65,2016.0,Kia,Soul,Soul,Base
39fa6c4f4d8b,2014.0,Honda,CR-V,CR-V,EX
39fd5ad168a1,2013.0,Nissan,Altima,Altima,2.5 SL W/ Convenience Pkg
3a113adb5d03,2015.0,Ford,Focus,Focus,SE
3a1282fa76fb,2016.0,Toyota,Prius,Prius,Four Touring
3a18f19ae1b5,2012.0,Mazda,MAZDA3,MAZDA3,i Touring
3a18fb05e676,2013.0,Honda,Civic,Civic,LX
3a2988ac0728,2014.0,Honda,Civic,Civic,LX
3a2e36d7cd6a,2013.0,Volkswagen,CC,CC,Sport PZEV
3a349c5eb900,2014.0,Honda,Civic,Civic,Si w/Navi
3a489e244d4c,2013.0,Cadillac,Escalade ESV,Escalade ESV,Platinum Edition
3a4975dd0cb0,2016.0,Nissan,Versa,Versa,1.6 S Plus
3a5da2181d16,2014.0,Cadillac,ATS,ATS,2.5L
3a68c97adc86,2014.0,Ford,Focus,Focus,ST
3a6fb582d0ae,2013.0,Ford,Explorer,Explorer,Limited
3a70895fa394,2013.0,Kia,Optima Hybrid,Optima Hybrid,LX
3a71d7886ba9,2015.0,Volkswagen,Jetta,Jetta,SE PZEV
3a72132c8d1b,2015.0,Ford,Fiesta,Fiesta,ST
3a76baa4abce,2014.0,Ford,Edge,Edge,Sport
3a7791d3468b,2014.0,Nissan,JUKE,JUKE,NISMO
3a78d4337a83,2013.0,MINI,Hardtop,Hardtop,Cooper
3a7a8f03e713,2013.0,FIAT,500,500,Sport
3a90d5f326de,2013.0,Dodge,Charger,Charger,SXT
3a9724b60ca7,2014.0,Mazda,Mazda3,Mazda3,i Touring
3a9ea7d03dbd,2013.0,INFINITI,FX37,FX37,Base
3aa0760c0cb2,2013.0,Toyota,Prius c,Prius c,Two
3aa150081ef6,2013.0,FIAT,500,500,Abarth
3aa4fa0abaec,2013.0,Toyota,Camry,Camry,SE V6
3aaae612f77d,2015.0,Volkswagen,Passat,Passat,Wolfsburg Edition PZEV
3abbcbd7b98c,2013.0,Honda,Accord,Accord,EX-L
3acbe0b037dd,2012.0,FIAT,500,500,Sport
3adced94e027,2013.0,MINI,Hardtop,Hardtop,Cooper
3aedf9ecbb0a,2013.0,Hyundai,Sonata,Sonata,GLS
3af53d30f15b,2014.0,BMW,7 Series,7 Series,750Li w/Executive Pkg
3afec4b5ac07,2014.0,Kia,Sportage,Sportage,LX
3b04cf646240,2012.0,Acura,TL,TL,Base
3b07aa1341be,2015.0,Mazda,Mazda3,Mazda3,i Sport
3b0949e10c54,2014.0,Jeep,Patriot,Patriot,Sport
3b0b076b29f2,2013.0,Acura,RDX,RDX,Base
3b22d8f37b55,2014.0,Kia,Optima,Optima,LX
3b343b8afe5c,2014.0,Hyundai,Accent,Accent,GLS
3b37f4920210,2015.0,Dodge,Challenger,Challenger,SXT
3b3a885bd441,2013.0,Nissan,JUKE,JUKE,S
3b40ece7ce76,2013.0,Honda,CR-V,CR-V,EX-L
3b45f83ba3fa,2009.0,Lexus,SC 430,SC 430,Pebble Beach Edition
3b51ab903f9a,2015.0,Chevrolet,Malibu,Malibu,LT
3b59c32a21ef,2013.0,Nissan,Sentra,Sentra,SV
3b69d6995ace,2016.0,Ford,Explorer,Explorer,Sport
3b6b704e6f9b,2013.0,Hyundai,Sonata,Sonata,SE
3b6e86e4329c,2012.0,Honda,Civic,Civic,LX
3b6fbb0a91ec,2014.0,Acura,MDX,MDX,Base
3b7c8c72924d,2014.0,FIAT,500L,500L,Easy
3b7f0f865ebe,2013.0,GMC,Terrain,Terrain,SLE-1
3b8e6066dbde,2012.0,Toyota,Camry,Camry,XLE
3b91ada1aded,2014.0,Jeep,Cherokee,Cherokee,Latitude
3bae723a29f0,2013.0,Cadillac,ATS,ATS,3.6L Luxury
3bb50d6cb517,2012.0,Dodge,Challenger,Challenger,R/T
3bca821c8c41,2011.0,Audi,A4,A4,2.0T Premium
3bd42fc660e0,2012.0,Toyota,Camry,Camry,SE
3be98f90f361,2014.0,Infiniti,Q50,Q50,Premium
3bfb67635a2d,2014.0,GMC,Terrain,Terrain,SLE-2
3bfff4279409,2013.0,Honda,Civic,Civic,LX
3c16409ab9db,2012.0,Lexus,IS 250C,IS 250C,Base
3c1c8edcbd3b,2014.0,INFINITI,Q50,Q50,Base
3c1e9da3a3aa,2014.0,BMW,3 Series,3 Series,328d xDrive
3c23652ae5bd,2012.0,Toyota,Prius,Prius,Two
3c24e75a2dc3,2014.0,Chevrolet,Equinox,Equinox,LT
3c4c8cb924b2,2012.0,Scion,iQ,iQ,Base
3c54e71fd2c9,2013.0,Acura,TSX Sport Wagon,TSX Sport Wagon,Base
3c6912ef1306,2014.0,Cadillac,SRX,SRX,Performance Collection
3c6acfceb552,2012.0,Audi,TT RS,TT RS,2.5 quattro w/ Technology Pkg
3c8248f86e9f,2013.0,Volkswagen,Passat,Passat,SE PZEV
3c96053ee23d,2014.0,Kia,Optima,Optima,LX
3c97961c08de,2016.0,Lexus,IS 200t,IS 200t,Base
3cafa6c6aaa4,2013.0,Acura,ILX,ILX,2.0L w/Tech
3cb21125f126,2016.0,Chevrolet,Silverado 1500,Silverado 1500,LT
3cb308850649,2014.0,Nissan,Maxima,Maxima,3.5 S
3cb87b39dbdf,2014.0,Toyota,Tundra,Tundra,Limited
3cb897484a5b,2015.0,Mazda,Mazda3,Mazda3,i Touring w/Technology Pkg
3cc9fcd09046,2014.0,Honda,Civic,Civic,LX
3cd350784f34,2015.0,Kia,Sedona,Sedona,LX
3cd70ef1bdaf,2012.0,BMW,3 Series,3 Series,335i Sport Line W/ Premium Pkg
3ce25cb2fbc7,2013.0,Nissan,LEAF,LEAF,SV
3cec90204b1f,2012.0,Toyota,Camry,Camry,XLE V6
3ceee40c6d9b,2013.0,Nissan,Sentra,Sentra,SR
3cf2a769eb68,2016.0,Volvo,V60 Cross Country,V60 Cross Country,T5
3cf5d5e2f9e9,2015.0,Ford,Escape,Escape,Titanium
3cf7f616ea8b,2013.0,Nissan,LEAF,LEAF,S
3d04655f7d7e,2015.0,Smart,fortwo,fortwo,pure
3d14523cecba,2012.0,Hyundai,Sonata,,
3d19edde296e,2016.0,Toyota,Corolla,Corolla,LE
3d20afb295de,2012.0,Ford,Taurus,Taurus,Limited
3d2b9e94edb4,2014.0,Toyota,Camry,Camry,LE
3d33e3e3c89c,2014.0,MINI,Countryman,Countryman,Cooper S ALL4
3d47bc5597e7,2013.0,Ram,Ram Pickup 1500,Ram Pickup 1500,SLT
3d5f02b3db32,2014.0,Jeep,Cherokee,Cherokee,Latitude
3d7a1030deeb,2016.0,BMW,X3,X3,xDrive28i
3d869eed3f4a,2015.0,Chrysler,200,200,Limited
3d93d65bef20,2015.0,Toyota,Corolla,Corolla,LE
3da84d717582,2013.0,Chevrolet,Traverse,Traverse,LT
3dac3eaf2244,2015.0,Jeep,Grand Cherokee,Grand Cherokee,Laredo
3db7ef3ef91a,2013.0,Scion,xB,xB,Base
3dbede7f8d78,2012.0,Honda,Civic,Civic,LX
3dbfb6aaf8b1,2015.0,Dodge,Dart,Dart,SXT
3dc0608a9335,2013.0,BMW,5 Series,5 Series,528i xDrive w/ Premium Pkg
3dc5ccf754b4,2016.0,Chevrolet,Sonic,Sonic,LTZ Auto
3dc7914a9b7c,2012.0,Chrysler,300,300,S V8
3dc9fead9738,2014.0,Ford,Fusion Energi,Fusion Energi,Titanium
3dd13fa2c3d9,2014.0,Mazda,CX-5,CX-5,Sport
3ddddadaf028,2012.0,Subaru,Impreza,Impreza,2.0i Premium
3df59244b0b8,2013.0,Volkswagen,CC,CC,Sport
3dfb119aa77d,2010.0,Cadillac,SRX,SRX,Performance Collection
3e07c848e6d6,2014.0,Chevrolet,Cruze,Cruze,1LT Auto
3e1279a10730,2014.0,Volkswagen,Jetta,Jetta,SE PZEV
3e15743b7da2,2014.0,Lexus,RX 350,RX 350,Base
3e235251246e,2014.0,Ford,C-MAX Hybrid,C-MAX Hybrid,SE
3e250994d812,2016.0,Chevrolet,Silverado 1500,Silverado 1500,Custom
3e26cd067113,2013.0,Nissan,Rogue,Rogue,SV
3e2de0e89167,2014.0,Nissan,Xterra,,
3e30db9b41a1,2013.0,Kia,Soul,Soul,Base
3e4337c95362,2013.0,Kia,Soul,Soul,Base
3e622068bfd5,2015.0,Volkswagen,Beetle,Beetle,1.8T PZEV
3e69d77db502,2013.0,Hyundai,Accent,Accent,GLS
3e6c83b557a0,2013.0,Chevrolet,Malibu,Malibu,LT
3e7561bfb5ad,2015.0,Toyota,Yaris,Yaris,5-Door L
3e9159afc8dd,2014.0,Lexus,GS 350,GS 350,Base w/F Sport Pkg
3ea15cd75646,2014.0,GMC,Terrain,Terrain,SLE-1
3ea6826a9c8d,2014.0,Buick,Encore,Encore,Leather
3ec0b69399f9,2014.0,Mazda,Mazda6,Mazda6,i Touring
3ecd2b30019c,2015.0,Volkswagen,Jetta,Jetta,Hybrid SEL Premium
3edf4f51b428,2013.0,Audi,A5,A5,2.0T quattro Premium Plus
3ee7b25104ee,2015.0,Chevrolet,Spark,Spark,1LT CVT
3eec25cc8708,2013.0,Honda,Civic,Civic,LX
3ef3e0383a59,2013.0,Acura,MDX,MDX,SH-AWD
3efba9ca0e25,2013.0,Nissan,LEAF,LEAF,SV
3f18fabecf59,2012.0,Volkswagen,Tiguan,Tiguan,SE
3f202616a2b9,2014.0,Lexus,ES 300h,ES 300h,Base
3f2d4f4ed0ed,2014.0,GMC,Terrain,Terrain,SLT-1
3f3ad02f00a2,2013.0,Dodge,Journey,Journey,American Value Package
3f3e362dea23,2014.0,FIAT,500L,500L,Pop
3f4998e9d6d9,2012.0,BMW,5 Series,5 Series,550i Gran Turismo
3f55b036ab59,2014.0,Chevrolet,Cruze,Cruze,1LT Auto
3f5ad396e5c5,2013.0,Hyundai,Sonata,Sonata,Limited
3f6420296cf7,2014.0,Volkswagen,Jetta,Jetta,SE PZEV
3f64db6c6f04,2014.0,Ford,Escape,Escape,SE
3f71f4e7a56f,2013.0,Lexus,ES 350,ES 350,Base
3f74adec1d00,2014.0,Kia,Soul,Soul,+
3f78efd4714e,2012.0,Infiniti,QX56,QX56,Base
3f7a72aa00d2,2013.0,Land Rover,Range Rover Evoque,Range Rover Evoque,Pure Plus
3f7ae1593d3a,2013.0,Toyota,Camry Hybrid,Camry Hybrid,LE
3f7e7f169705,2013.0,Ford,C-MAX Hybrid,C-MAX Hybrid,SE
3f87d5924d4a,2015.0,Volkswagen,Passat,Passat,Wolfsburg Edition PZEV
3f8b2c3d1a2d,2015.0,Toyota,Sienna,Sienna,LE 7-Passenger
3f8d611822bc,2016.0,Mercedes-Benz,SLK,SLK,SLK 300 W/ Premium 2 Pkg
3f92307578b7,2014.0,GMC,Terrain,Terrain,SLE-1
3f92ab280ae6,2009.0,Audi,TTS,TTS,2.0T quattro
3fa7f3e67525,2013.0,BMW,X1,X1,sDrive28i
3facbf5d4861,2013.0,Chevrolet,Volt,Volt,Premium
3fbadee6c937,2015.0,Chevrolet,Trax,Trax,LT W/ Plus Pkg
3fca2dafc9fc,2014.0,Mercedes-Benz,GLK,GLK,GLK 350 4MATIC w/Premium Pkg
3fdce9d37478,2013.0,BMW,X3,X3,xDrive28i
3feff8b050f2,2012.0,Chevrolet,Camaro,Camaro,LT
3ff498e9cc96,2014.0,Kia,Cadenza,Cadenza,Premium
3ff8cedf8fb4,2014.0,BMW,X1,X1,xDrive28i
3ffa310d71ce,2015.0,Lexus,ES 350,ES 350,Base w/ Premium Pkg
4001038aa21a,2013.0,Nissan,LEAF,LEAF,S
4002e9825e89,2014.0,Nissan,Rogue Select,Rogue Select,S
400b3c0068df,2015.0,Mazda,CX-9,CX-9,Sport
40127f982f55,2015.0,Jeep,Grand Cherokee,Grand Cherokee,Limited
401b81c08188,2014.0,Dodge,Journey,Journey,Limited
4021d931aa1f,2013.0,Honda,CR-V,CR-V,LX
40288f4160b1,2013.0,Buick,Verano,Verano,Base
4029b44b356d,2016.0,Mercedes-Benz,Metris,Metris,Passenger
402cf6e88a11,2013.0,Lexus,CT 200h,CT 200h,Base
40383c0cd9c2,2015.0,Nissan,Rogue Select,Rogue Select,S
405016617fd6,2013.0,Cadillac,XTS,XTS,Luxury Collection
40851e617b93,2014.0,Honda,Accord Plug-In,Accord Plug-In,Base
40901588cc06,2013.0,Honda,Civic,Civic,LX
409a1862c847,2014.0,Hyundai,Veloster,Veloster,Base
40ae659d9324,2015.0,Nissan,Frontier,Frontier,SV
40b599bf8021,2014.0,Mitsubishi,Lancer,Lancer,ES
40be04bbde91,2016.0,Chevrolet,Malibu,Malibu,LT
40c94d012fa0,2014.0,FIAT,500L,500L,Easy
40d3bdffc3d2,2014.0,Nissan,Versa Note,Versa Note,SV
40dad47ed901,2014.0,Chevrolet,Sonic,Sonic,LT Auto
4109115398e3,2014.0,Volvo,S60,S60,T5 Premier
4113e9a59808,2015.0,Volvo,S60,S60,T5 Premier
412eeee0aa0b,2014.0,Toyota,RAV4,RAV4,Limited
413fabd594a1,2014.0,Toyota,Tundra,Tundra,SR5 w/Towing Pkg
4157dbb64e2f,2014.0,Subaru,Outback,Outback,2.5i Limited
4164e69604bd,2013.0,Cadillac,CTS,CTS,3.0L Luxury Collection
41680fdf745c,2014.0,Audi,A6,A6,2.0T quattro Premium Plus
4170b24cbdbf,2016.0,Nissan,Frontier,Frontier,SV
417216609666,2015.0,Dodge,Journey,Journey,American Value Package
418ae3460a63,2016.0,Kia,Sedona,Sedona,LX
418ffd328000,2015.0,Ford,Expedition,Expedition,XLT
41902e49c45d,2015.0,Dodge,Journey,Journey,R/T
41923fdb3f5d,2012.0,Cadillac,CTS,CTS,3.6L Performance
419372549627,2013.0,Mercedes-Benz,GLK,GLK,GLK350 4MATIC
419687d50dcd,2014.0,Chevrolet,Equinox,Equinox,LT
419ec96007ff,2014.0,Nissan,Altima,Altima,2.5 S
41a4e79892bd,2013.0,Toyota,Corolla,Corolla,LE
41a861865eb7,2015.0,Chevrolet,Trax,Trax,LT
41b2b0bb583c,2012.0,Volkswagen,Golf,Golf,2.5L PZEV
41b863009575,2015.0,Toyota,4Runner,4Runner,SR5
41ccca311db8,2013.0,Nissan,LEAF,,
41d8b7f7199d,2014.0,Lexus,GS 350,GS 350,Base w/premium
41d990ee06cc,2015.0,Chevrolet,Camaro,Camaro,LT w/RS Pkg
41f00df3c7ed,2013.0,Volkswagen,Jetta,Jetta,TDI
42018a8a67d9,2014.0,Mazda,Mazda6,Mazda6,i Grand Touring
4207ad0ffa05,2013.0,Chevrolet,Volt,Volt,Premium
42185c1d90ee,2012.0,Hyundai,Sonata,Sonata,GLS
421e8a6931b7,2013.0,Toyota,Prius c,Prius c,Three
422c0c9683df,2016.0,Kia,Forte,Forte,EX
422c7c6d6021,2012.0,Cadillac,CTS,CTS,3.0L
42415ff65013,2015.0,Audi,A7,A7,3.0T quattro Premium Plus
424658d9f222,2015.0,Lexus,RC 350,RC 350,Base W/ Premium Pkg
424cd5cc193e,2014.0,Buick,Verano,Verano,Base
4257f5318285,2014.0,Lincoln,MKX,MKX,Base
42751f4f84aa,2013.0,Acura,ILX,ILX,2.0L
42797f0a0fb8,2014.0,Ford,Explorer,Explorer,XLT
4284a4588660,2013.0,Volkswagen,Passat,Passat,SEL PZEV
42858a78a292,2015.0,Nissan,Versa Note,Versa Note,S Plus
42927bfd7419,2014.0,Kia,Sorento,Sorento,LX
429e121544c8,2014.0,Scion,iQ,iQ,10 Series
42a3297ccd4b,2014.0,Kia,Sorento,Sorento,LX
42a78cc1d09c,2013.0,Buick,LaCrosse,LaCrosse,Base
42afe4af104c,2014.0,Kia,Sorento,Sorento,LX
42b183dd0be3,2013.0,Hyundai,Elantra,Elantra,GLS
42b3feca1993,2015.0,Lincoln,Navigator,Navigator,Base
42bce3843846,2016.0,Toyota,Corolla,Corolla,LE
42ccde07cb34,2014.0,Honda,CR-V,CR-V,EX
42d81612e2ce,2011.0,Cadillac,DTS,DTS,Premium Collection
42dc45d2224c,2013.0,Cadillac,CTS,CTS,3.6L
42de854bf6ad,2014.0,Mitsubishi,Outlander Sport,Outlander Sport,ES
42e70be9c0a3,2012.0,Infiniti,G37 Sedan,G37 Sedan,x
42e7cf9bacd3,2016.0,Volkswagen,Jetta,Jetta,1.4T S
42e9fb95a793,2016.0,Hyundai,Accent,Accent,SE
42eb844cda01,2014.0,Nissan,Versa,Versa,1.6 S
42f2d7a54b2c,2015.0,Chevrolet,Spark,Spark,1LT CVT
42fc827c5021,2016.0,Jeep,Renegade,Renegade,Latitude
42fdc59c1d15,2013.0,Hyundai,Sonata,Sonata,GLS
430c06d0da68,2013.0,Honda,Accord,Accord,EX-L
430f0cb5666c,2016.0,Audi,TT,TT,2.0T quattro
43178dd826cc,2014.0,Hyundai,Santa Fe Sport,Santa Fe Sport,2.4L
431a0a9f109d,2014.0,Jeep,Patriot,Patriot,Sport
432ce53ac30c,2012.0,Subaru,Impreza,Impreza,2.0i Premium
43366c271811,2013.0,Acura,TSX,TSX,Base
43370ac9da45,2013.0,Honda,CR-V,CR-V,EX-L
433991b34f79,2014.0,Toyota,Yaris,Yaris,5-Door L
43437c798cce,2013.0,Ford,Focus,Focus,SE
4361adc97a59,2013.0,Mitsubishi,Outlander Sport,Outlander Sport,SE
4363a3fed3a2,2014.0,MINI,Hardtop,Hardtop,Cooper S
436c61389292,2013.0,Toyota,Prius,Prius,Two
43780f1bf0aa,2015.0,Kia,Soul,Soul,Base
437b34407f5d,2014.0,Toyota,Corolla,Corolla,LE Plus
437d40548855,2013.0,BMW,3 Series,3 Series,328i
43b1b2c3707b,2013.0,Honda,Civic,Civic,LX
43ba70f562dd,2013.0,Volkswagen,Jetta,Jetta,S
43caea7798d1,2014.0,Nissan,Maxima,Maxima,3.5 SV
43cb4b1bf91e,2014.0,Chrysler,300,300,Base
43ceca19eadc,2011.0,Ford,Fiesta,Fiesta,SE
43d50765c965,2015.0,Ford,Mustang,Mustang,EcoBoost
43d9f0b90061,2012.0,Mercedes-Benz,C-Class,C-Class,C350 W/ Sport Pkg
43dfc102a40e,2013.0,Lexus,RX 350,RX 350,Base W/ Premium Pkg
44037031e8d4,2013.0,Toyota,Prius,Prius,Three
440b4f6abbce,2012.0,Toyota,Prius c,Prius c,Three
4416c77aa458,2014.0,Audi,A5,A5,2.0T quattro Premium Plus
4419b912e939,2013.0,Nissan,Altima,Altima,2.5 S
4421605c850a,2014.0,Nissan,Murano,Murano,S
44605b820418,2013.0,Ford,Fiesta,Fiesta,SE
446aa0c709cc,2014.0,Honda,Accord,Accord,LX
4478bcb6a752,2013.0,Volkswagen,Beetle,Beetle,Turbo PZEV
4481a30d1abe,2013.0,Dodge,Dart,Dart,SXT
4484ce72c40b,2013.0,GMC,Acadia,Acadia,SLE-1
448f7f27b17e,2014.0,Toyota,Sienna,Sienna,LE 8-Passenger
449af3347c1f,2015.0,Nissan,Frontier,Frontier,SV
44a0f9ce298a,2013.0,Ford,Edge,Edge,Limited
44a308aec883,2015.0,Jeep,Patriot,Patriot,Sport
44b50b0a70d2,2012.0,Chrysler,200,200,LX
44cad0ba90ed,2012.0,Jaguar,XF,XF,Portfolio
44dc008dde86,2013.0,GMC,Sierra 1500,Sierra 1500,SLE
44de2b1531be,2015.0,Ford,Expedition,Expedition,XLT
44f9bc692b69,2011.0,MINI,Cooper Clubman,Cooper Clubman,Base
450837a19da3,2014.0,Scion,tC,tC,Base
450bb9ac35f9,2014.0,Honda,Accord,Accord,Sport
450f49f5e01a,2013.0,Chrysler,200,200,Limited
45205780ed06,2013.0,Mercedes-Benz,M-Class,M-Class,ML350 4MATIC
452d680ca4c4,2012.0,Honda,Civic,,
4531e92b506d,2013.0,Chevrolet,Volt,Volt,Base
453dbcf9eda5,2016.0,Kia,Forte5,Forte5,LX
4545292f76cb,2016.0,Toyota,Camry,Camry,SE
4548be7a2947,2015.0,Chevrolet,Tahoe,Tahoe,LT W/ Towing Pkg
455a9a6ea1fc,2015.0,Toyota,Prius v,Prius v,Five
455d2cbcf86e,2014.0,Scion,tC,tC,Base
4562489a059c,2014.0,Nissan,Murano,Murano,LE
456403fe6d82,2014.0,Cadillac,ATS,ATS,2.5L
456540f7b803,2014.0,Buick,LaCrosse,LaCrosse,Leather
4566d0394275,,,,4Runner,Limited
456afa642cb9,2012.0,Chevrolet,Traverse,Traverse,LT
457edb6d3b2a,2012.0,Volvo,XC60,XC60,3.2
458891c1b92b,2014.0,Toyota,Corolla,Corolla,LE
458e5f64b371,2013.0,Hyundai,Elantra,Elantra,GLS
4590e1abf5e1,2013.0,Acura,ILX,ILX,2.0L
45993d101b71,2013.0,Hyundai,Santa Fe Sport,Santa Fe Sport,2.0T
459c9990f7aa,2016.0,Subaru,Outback,Outback,2.5i
459e14d5267a,2014.0,FIAT,500L,500L,Lounge
45a123dc108c,2016.0,Jeep,Patriot,Patriot,Sport SE
45c549f59373,2014.0,Chevrolet,Cruze,Cruze,LS Auto
45e136a27ef4,2014.0,Mazda,MAZDA6,MAZDA6,i Grand Touring
45ee954b5adf,2013.0,Hyundai,Genesis,Genesis,3.8L
4600e0873bd9,2015.0,Ford,Expedition,Expedition,XLT
460d11c4f023,2013.0,MINI,Hardtop,Hardtop,Cooper
461a6a9b24d9,2014.0,Honda,Accord,Accord,Sport
461c8873df58,2014.0,Toyota,Highlander,Highlander,LE
461d69aa0ecd,2013.0,Mercedes-Benz,E-Class,E-Class,E350 Luxury 4MATIC
463e280f95db,2013.0,Honda,Civic,Civic,LX
464019aa934b,2014.0,Infiniti,Q50,Q50,
46494c109e53,2014.0,Nissan,Versa Note,Versa Note,SV
4650890193c0,2014.0,Hyundai,Tucson,Tucson,SE
46562684485a,2013.0,MINI,Paceman,Paceman,Cooper S
466a38571748,2013.0,Volvo,S60,S60,T5
46821dd2162b,2014.0,Lexus,GS 350,GS 350,Base
468a67c45184,2014.0,Toyota,Camry,Camry,SE
469466df30a6,2014.0,Ford,Fusion,Fusion,SE
46ab8df8c339,2014.0,Mercedes-Benz,C-Class,C-Class,C250 Luxury w/ Sport Pkg
46b6e1413e17,2013.0,GMC,Terrain,Terrain,SLE-2
46b8816a9836,2013.0,Toyota,Tacoma,Tacoma,V6 w/TRD Sport Pkg
46ba948dbaf7,2013.0,Honda,CR-V,CR-V,EX
46de716af733,2015.0,Toyota,RAV4,RAV4,XLE
46e9fb17c281,2015.0,Kia,Sorento,Sorento,LX
46ea3920566d,2012.0,Acura,TSX,TSX,Special Edition
46fabf7cfc59,2012.0,Honda,Accord,Accord,SE
46fb25ae329a,2016.0,Chevrolet,Impala,Impala,LT
472ce004cf2a,2014.0,Chevrolet,Volt,Volt,Premium
472ded635fd9,2015.0,Dodge,Durango,Durango,Limited
473b11d5cbb9,2013.0,Acura,TL,TL,Base
47467e211acc,2012.0,Hyundai,Sonata Hybrid,Sonata Hybrid,Base
47540107bc57,2015.0,Toyota,Prius,Prius,Two
475f6eb4db87,2013.0,Lexus,RX 350,RX 350,Base w/ Premium Pkg
476625349f67,2014.0,Kia,Forte,Forte,EX
476974d019e1,2014.0,Scion,tC,tC,Base
4770a90bb5c0,2015.0,Ford,Fusion Energi,Fusion Energi,Titanium
477467cf00a8,2013.0,Toyota,Corolla,Corolla,LE
477be6fc01c0,2013.0,Honda,Fit,Fit,Base
4780735eafe5,2013.0,Toyota,Camry,Camry,SE
4781fac0e44a,2016.0,Honda,Accord,Accord,LX
47891a4e872a,2015.0,Chevrolet,Malibu,Malibu,LS
478e02a475d6,2015.0,GMC,Terrain,Terrain,SLE-2
4795c1714494,2013.0,GMC,Terrain,Terrain,SLE-1
479788cb523d,2014.0,Chevrolet,Cruze,Cruze,2LT Auto
47a4c6511f71,2013.0,Ford,Fusion,Fusion,SE
47aada45a3e7,2014.0,Nissan,Versa Note,Versa Note,SV
47b43f048bc2,2012.0,Hyundai,Genesis,Genesis,3.8L V6
47b6500cd7d5,2015.0,Honda,Civic,Civic,Hybrid
47b83ac633ca,2012.0,Hyundai,Santa Fe,Santa Fe,GLS
47b95a803509,2015.0,Ford,F-150,F-150,XL w/ Towing Pkg
47c3fea4657a,2014.0,Ford,Focus,Focus,SE
47d3d4c04d7f,2016.0,Nissan,Altima,Altima,2.5 SL w/Tech Pkg
47e103e746aa,2013.0,Honda,Civic,Civic,HF
47ea8f25c948,2011.0,MINI,Cooper Clubman,Cooper Clubman,Base
47efd569725a,2013.0,Chevrolet,Camaro,Camaro,LT
47f838686d6c,2013.0,Nissan,Rogue,Rogue,S
47fc944b2911,2014.0,INFINITI,Q50,Q50,Premium
480d4335f41f,2014.0,Volkswagen,Jetta,Jetta,SE PZEV
480d954ba5ee,2013.0,Nissan,Rogue,Rogue,S
481072c17bde,2014.0,Chevrolet,Impala,Impala,LT
48117310fbf3,2013.0,Chevrolet,Malibu,Malibu,LT
4827e67ce6cd,2012.0,Nissan,Maxima,Maxima,3.5 SV w/ Sport Pkg
48285c8210ce,2009.0,MINI,Cooper Clubman,Cooper Clubman,S
4834063aa09c,2014.0,Ford,Fiesta,Fiesta,SE
483b5c68fdb1,2015.0,Chrysler,200,200,Limited
4842a2f0d5bd,2015.0,Kia,Sedona,Sedona,LX
4856fcb85be0,2016.0,Hyundai,Accent,Accent,SE
48598383977f,2014.0,Lexus,LS 460,LS 460,Base w/ Comfort Pkg
485a45bccd2f,2015.0,Ford,Focus,Focus,SE
48615b11c266,2014.0,GMC,Terrain,Terrain,SLE-2
4868a14ae6cc,2013.0,Honda,Civic,Civic,LX
488548284e06,2013.0,Buick,Verano,Verano,Base
488eb6d5f085,2010.0,Cadillac,CTS,CTS,3.6L V6 w/ Premium Pkg
488f6480a6ee,2015.0,Lexus,ES 350,ES 350,Base
4890b4c5eea1,2015.0,Dodge,Challenger,Challenger,R/T Plus
489e9c3d7dc2,2014.0,Mercedes-Benz,C-Class,C-Class,C300 Luxury 4MATIC
48a21893bdf7,2015.0,FIAT,500e,500e,Base
48a2894b7022,2013.0,Honda,Civic,Civic,LX
48aa859105df,2016.0,Chevrolet,Malibu Limited,Malibu Limited,LT
48ad40e65832,2010.0,Volkswagen,Routan,Routan,SEL Premium
48ade66e484b,2015.0,Buick,Regal,Regal,GS
48b3f0c936b5,2014.0,MINI,Hardtop,Hardtop,Cooper S
48be12c0ac00,2014.0,Mercedes-Benz,CLS,CLS,CLS 550 4MATIC w/Premium Pkg 1
48d076726860,2015.0,Kia,Soul,Soul,+
48d9dd3826a3,2012.0,Nissan,JUKE,JUKE,SV
48eb45d810d8,2012.0,Jeep,Liberty,Liberty,Sport
48ef41e489f8,2013.0,Hyundai,Genesis Coupe,Genesis Coupe,3.8 R-Spec
48f5b5902404,2014.0,Honda,Civic,Civic,EX
49164bca8224,2012.0,Hyundai,Santa Fe,Santa Fe,GLS
491bdbf9d514,2013.0,Mazda,CX-9,CX-9,Touring
49227f406e15,2016.0,Toyota,Camry,Camry,LE
49442a5aff6f,2012.0,Nissan,LEAF,LEAF,SL
495063f433f3,2014.0,Toyota,Tundra,Tundra,SR5
4957cfb03c25,2013.0,Honda,Odyssey,Odyssey,EX-L
4959c8d0f86e,2012.0,Honda,Civic,Civic,LX
49681d8abe09,2015.0,Toyota,RAV4,RAV4,XLE
4978f1c30a93,2012.0,Buick,Enclave,Enclave,Leather
49792c919445,2014.0,GMC,Terrain,Terrain,SLT-1
497ae7a50e01,2013.0,Audi,A4,A4,2.0T quattro Premium
497e31805c51,2013.0,Ford,C-MAX Hybrid,C-MAX Hybrid,SE
498fee7ddfe9,2015.0,Nissan,Versa,Versa,1.6 S
499bf89cef18,2013.0,Kia,Optima,Optima,EX
49ac4838a0d8,2013.0,Buick,Regal,Regal,Premium 1
49ad90f947b6,2013.0,Buick,Verano,Verano,Base
49c461939d72,2014.0,Volkswagen,Jetta,Jetta,SE PZEV
49dab5180aee,2014.0,Nissan,Maxima,Maxima,3.5 S
49deb2f3956e,2013.0,Toyota,Highlander,Highlander,Plus
49e518af436d,2014.0,Hyundai,Sonata,Sonata,GLS
49e6886d3fb5,2015.0,Honda,CR-V,CR-V,EX
49eb62499405,2014.0,Toyota,Corolla,Corolla,L
49f7c39ec8a3,2014.0,Hyundai,Accent,Accent,GS
49fdbabeef4e,2014.0,Acura,ILX,ILX,2.0L
4a18ce15c065,2015.0,Toyota,4Runner,4Runner,SR5
4a3611755cf3,2014.0,Acura,TSX,TSX,Base
4a4364d7fc6d,2014.0,Cadillac,Escalade ESV,Escalade ESV,Luxury
4a454b4e3c12,2013.0,Volkswagen,Tiguan,Tiguan,SE 4Motion
4a4a8d73ffff,2014.0,Chevrolet,Equinox,Equinox,LT
4a4c5b5abf9b,2015.0,Toyota,Sienna,Sienna,LE 8-Passenger
4a5de554e6a9,2013.0,Toyota,Prius Plug-in Hybrid,Prius Plug-in Hybrid,Advanced
4a6b2786780e,2014.0,Mercedes-Benz,C-Class,C-Class,C 250 Sport w/ Premium Pkg 1
4a75fe9078ec,2013.0,Mazda,Mazda3,Mazda3,i Touring
4a7726cf0fbf,2013.0,Audi,A4,A4,2.0T quattro Premium Plus
4a79fceb171c,2013.0,Buick,Verano,Verano,Convenience Group
4a80b97e2788,2015.0,Dodge,Journey,Journey,SXT
4a84109e8430,2012.0,Chevrolet,Camaro,Camaro,LT
4a8955eb3bbc,2013.0,Toyota,Highlander,Highlander,SE
4abfe43fee31,2014.0,Dodge,Challenger,Challenger,R/T
4ac08a86802a,2014.0,Ford,Fiesta,Fiesta,SE
4ac0b8b4bed9,2012.0,Honda,Civic,Civic,LX
4acbc5df0aea,2016.0,Kia,Optima,Optima,LX
4adb6b54d2f8,2013.0,Mercedes-Benz,C-Class,C-Class,C350
4adeac38cc34,2014.0,Ford,Escape,Escape,SE
4adf21536327,2013.0,MINI,Coupe,Coupe,Cooper
4ae8d6328dd3,2012.0,Honda,Accord,,
4aea3a866764,2014.0,Chrysler,Town and Country,Town and Country,Touring-L
4af2d69b5e0f,2014.0,Ram,Ram Pickup 1500,Ram Pickup 1500,Express
4af67af1095c,2015.0,Chevrolet,Impala,Impala,LS
4af93355e617,2015.0,Volkswagen,Tiguan,Tiguan,S
4afc1a0271c2,2014.0,Mercedes-Benz,CLA,CLA,CLA 250 W/ Premium Pkg
4b0d9a614f1b,2013.0,Kia,Soul,Soul,!
4b17bc98d3fe,2014.0,Mercedes-Benz,C-Class,C-Class,C350 4MATIC W/ Sport Pkg
4b2604aa42f7,2014.0,Lincoln,MKS,MKS,Base
4b2686aea048,2014.0,Cadillac,CTS,CTS,2.0T Luxury Collection
4b31ea32ed33,2014.0,Ford,Fiesta,Fiesta,Titanium
4b32c1c70355,2014.0,Mercedes-Benz,E-Class,E-Class,E350 Sport w/ Sport Pkg
4b4308f6da14,2013.0,Smart,fortwo,fortwo,passion cabriolet
4b45f37ebcce,2015.0,Chrysler,300,300,C
4b46c49f87ed,2015.0,Ford,Escape,Escape,S
4b5ccc9b776f,2015.0,Kia,Sedona,Sedona,LX
4b72242004c1,2013.0,Chevrolet,Volt,Volt,Base
4b74275babf7,2016.0,MINI,Convertible,Convertible,Cooper
4b800c67295c,2013.0,Toyota,RAV4,RAV4,LE
4b80dcbf9fd7,2014.0,Mazda,Mazda6,Mazda6,i Touring
4b8c13da9680,2014.0,Honda,Civic,Civic,EX
4b8fbee83421,2013.0,Kia,Rio,Rio,EX
4ba1d7681cb7,2013.0,Smart,fortwo,fortwo,pure
4baf50a3d8c2,2013.0,Cadillac,Escalade,Escalade,Luxury
4bb0d3f09dce,2012.0,Nissan,LEAF,LEAF,SL
4bb15a590c96,2015.0,Toyota,Highlander,Highlander,XLE
4bc557f416e7,2013.0,Nissan,LEAF,LEAF,S
4bd0062e935e,2015.0,Dodge,Grand Caravan,Grand Caravan,SXT
4bd4ce4edcd9,2015.0,Toyota,Prius v,Prius v,Five
4bd70e6e6b4b,2015.0,Subaru,Forester,Forester,2.5i Premium
4bdf4a09d6c4,2013.0,FIAT,500,500,Pop
4be4ef147e80,2014.0,Hyundai,Accent,Accent,GS
4be8776d1057,2014.0,Buick,Regal,Regal,Premium I
4be9af3c17d4,2013.0,Toyota,RAV4,RAV4,LE
4bea0766c14c,2013.0,Dodge,Avenger,Avenger,SE
4c007f8472dd,2015.0,Chevrolet,Camaro,Camaro,LT
4c024926d790,2016.0,Ford,Mustang,Mustang,GT
4c07085da4ee,2013.0,Ford,Explorer,Explorer,XLT
4c324e1cd6ac,2014.0,Toyota,Camry,Camry,LE
4c4da0bfc52a,2012.0,Chrysler,300,300,C
4c5149f976af,2013.0,GMC,Yukon XL,Yukon XL,Denali
4c6a32aa5ae8,2012.0,Volkswagen,Beetle,Beetle,Turbo PZEV
4c6ab839861f,2012.0,Toyota,Highlander,Highlander,Base
4c7309c2220f,2015.0,Honda,Civic,Civic,LX
4c744d2885fd,2014.0,Buick,Verano,Verano,Convenience Group
4c7c932da6e9,2014.0,Chevrolet,Sonic,Sonic,LTZ Auto
4c857ec95d7b,2014.0,Volkswagen,Passat,Passat,Wolfsburg Edition
4c9868f860a9,2014.0,Toyota,Corolla,Corolla,LE
4cac43c8667b,2014.0,Hyundai,Accent,Accent,GLS
4cb8841f790d,2014.0,Lexus,GS 350,GS 350,Base
4cc06684e186,2013.0,Kia,Sportage,Sportage,LX
4cc44eb76fef,2015.0,Toyota,Yaris,Yaris,5-Door LE
4cc6a0db5477,2014.0,Honda,Civic,Civic,EX
4cce4dafa50c,2014.0,Nissan,Armada,Armada,SL
4cd62c173c0d,2013.0,Honda,Civic,Civic,LX
4ce9af79d361,2015.0,Kia,Optima,Optima,LX
4cf395dd3ae4,2014.0,Hyundai,Tucson,Tucson,GLS
4d009085c3bb,2013.0,Honda,Accord,Accord,LX
4d026a76cad1,2014.0,Kia,Optima,Optima,LX
4d07a478e267,2014.0,Mercedes-Benz,GLK,GLK,GLK350 4MATIC
4d09c37cf051,2013.0,Ford,Escape,Escape,SE
4d1564493ff0,2013.0,Nissan,LEAF,LEAF,S
4d1655c74951,2014.0,Chevrolet,Volt,Volt,Premium
4d1a89beb340,2013.0,Mitsubishi,Outlander Sport,Outlander Sport,ES
4d20b5070f08,2014.0,Honda,Civic,Civic,EX-L
4d23c8dd69f9,2012.0,Honda,Civic,Civic,HF
4d293464b7a6,2013.0,Chevrolet,Volt,Volt,Premium
4d434acac876,2013.0,Hyundai,Genesis,Genesis,3.8L
4d533419c916,2013.0,Chevrolet,Equinox,Equinox,LT
